psraid,sex,lifeq,snsuse,age,educ,race,inc,hisp
100003,1,3, ,48,3,1,99,2
100007,2,4, ,74,6,1,2,2
100010,2,3, ,51,3,1,4,2
100012,2,4,1,76,3,1,2,2
100016,2,1, ,87,5,1,99,2
100021,2,2, ,77,1,1,2,2
100028,2,2,1,36,3,6,8,1
100031,2,1,1,44,5,4,7,2
100032,2,2, ,49,5,1,3,2
100037,2,2, ,60,5,1,99,2
100038,2,2, ,72,2,1,3,2
100041,2,3, ,82,3,9,5,2
100042,2,2, ,64,5,1,2,2
100043,2,4,1,33,6,2,5,2
100045,2,3, ,62,7,5,2,2
100047,2,3, ,69,6,1,4,2
100050,2,3, ,72,3,1,6,2
100054,2,2,88,61,3,1,4,2
100055,2,4,1,50,6,1,6,2
100061,1,3, ,80,7,3,98,2
100062,2,4,1,57,3,1,99,2
100063,2,5,1,65,3,1,2,2
100074,2,3, ,78,5,1,2,2
100078,1,1,88,70,6,1,8,2
100085,1,3, ,75,3,1,3,2
100087,2,1,1,32,6,1,99,2
100091,2,2, ,55,5,2,5,2
100092,2,3,5,34,6,1,6,1
100096,2,2,1,41,7,1,6,2
100097,1,2, ,41,3,1,7,2
100099,1,5, ,60,3,1,1,2
100104,1,2,1,67,6,9,6,9
100111,2,4,1,58,3,1,6,2
100113,1,2,98,84,3,1,99,2
100114,1,3,1,42,6,1,99,2
100117,2,4, ,99,9,2,99,2
100120,2,3, ,44,6,1,8,2
100123,1,4, ,67,6,1,99,1
100125,2,1, ,58,3,1,3,1
100128,2,3, ,68,5,1,99,2
100132,1,4, ,77,3,1,3,2
100136,2,3, ,85,8,1,4,2
100139,2,4, ,39,5,1,3,2
100140,2,4, ,78,2,1,2,2
100143,2,2,1,46,5,1,7,2
100157,2,3,1,38,6,1,2,2
100164,1,3,1,18,3,1,2,2
100166,1,4, ,46,2,1,2,2
100168,2,2,88,66,6,1,99,2
100169,2,1,1,50,5,1,9,1
100170,1,2,1,41,7,1,8,2
100172,1,3, ,80,6,1,3,2
100174,1,3, ,83,7,1,7,2
100175,1,2, ,60,6,1,8,2
100176,1,2,1,66,5,1,4,2
100179,2,5, ,63,3,1,1,2
100181,1,2,1,53,6,1,7,2
100182,2,2,1,37,6,5,9,2
100183,2,3, ,75,5,1,7,2
100201,2,1, ,80,6,1,99,2
100202,2,1,1,70,7,1,3,2
100204,2,3,1,36,6,9,5,9
100206,1,4,98,30,1,8,7,1
100207,2,1, ,69,5,1,7,2
100214,1,5, ,35,2,9,2,9
100221,1,3,1,67,6,1,9,2
100227,1,3, ,56,6,1,7,2
100229,1,3, ,58,2,4,99,2
100236,2,2, ,79,3,3,98,2
100237,2,8, ,83,3,1,1,2
100241,2,2, ,65,4,9,3,2
100245,2,3, ,29,1,6,98,1
100248,1,4, ,47,3,1,2,2
100252,1,2, ,68,7,1,6,2
100260,2,4, ,63,6,1,6,2
100261,1,3,1,66,5,1,5,2
100262,2,3,1,34,7,1,99,2
100264,2,3, ,43,3,1,4,2
100266,1,2,1,50,5,1,7,2
100278,2,3,1,37,5,2,3,2
100280,1,3, ,41,7,1,8,2
100286,1,3,1,31,6,1,8,2
100297,1,2, ,65,5,1,7,2
100302,2,1, ,83,3,1,99,2
100310,1,3, ,75,2,2,98,2
100313,2,1, ,62,5,2,2,2
100316,1,4,1,31,3,1,6,2
100319,1,5, ,88,1,1,4,2
100326,2,2,1,18,2,4,98,1
100330,2,4, ,60,2,2,98,2
100334,1,2,1,64,7,1,8,2
100335,1,2, ,45,5,5,5,2
100336,2,2, ,52,5,1,9,2
100338,2,2,1,99,5,1,99,2
100344,1,4, ,40,3,2,1,2
100346,1,5,1,31,5,6,8,1
100353,1,3,1,49,7,1,4,2
100365,2,4, ,53,6,1,6,2
100370,1,3, ,62,6,1,99,2
100378,2,4, ,64,5,1,3,2
100392,2,1, ,61,2,1,3,2
100394,1,2, ,81,3,1,3,2
100396,2,5,1,42,7,5,7,2
100407,2,2,1,99,5,2,5,2
100412,2,3, ,78,3,1,99,2
100417,2,4, ,86,1,1,98,1
100425,2,2,1,55,3,1,4,1
100426,2,1, ,99,3,1,99,2
100427,2,1,1,35,5,1,8,2
100428,1,1, ,58,3,1,4,2
100429,2,3, ,72,3,1,5,2
100431,2,4,1,28,5,1,1,1
100439,2,3, ,64,5,2,2,2
100442,2,2,1,60,3,1,5,2
100445,1,3,1,51,7,1,6,2
100450,2,3, ,60,3,1,4,1
100453,2,4, ,41,3,1,98,2
100454,1,4, ,66,5,1,99,2
100456,2,2,1,48,3,1,7,2
100462,1,2, ,88,3,1,3,2
100463,2,2, ,79,3,1,2,2
100464,2,3, ,99,6,1,3,2
100465,1,3, ,51,2,2,4,2
100478,1,2,1,34,6,1,9,2
100479,2,3,98,75,5,1,99,2
100486,2,2,1,47,7,1,8,2
100487,1,1,88,42,5,1,9,2
100491,1,3, ,40,6,9,5,2
100492,2,5, ,58,1,2,98,2
100493,2,1, ,18,2,1,1,2
100495,2,3,1,30,6,1,99,2
100500,1,3, ,82,7,1,6,2
100502,1,3, ,68,3,1,99,2
100504,2,2,1,25,6,1,6,2
100509,2,2, ,72,5,1,5,2
100512,2,3, ,65,5,1,3,2
100515,2,2,1,99,6,2,99,2
100518,2,2,1,40,6,1,5,2
100520,2,1,1,99,7,1,6,1
100522,1,5, ,61,3,1,3,2
100524,2,3,1,49,3,1,3,2
100528,2,1, ,43,2,1,99,2
100529,2,4, ,92,1,2,2,2
100531,1,5,1,78,5,2,6,2
100535,2,3,1,31,5,1,5,2
100552,1,5,88,49,3,1,2,2
100555,2,2,1,27,3,1,6,1
100561,2,3,1,43,5,1,8,2
100565,1,5,1,54,4,2,2,2
100571,1,3,12,20,2,1,98,1
100588,2,1, ,63,6,1,9,2
100592,2,3,1,58,7,1,99,2
100600,1,1, ,74,3,1,6,2
100601,2,3,1,41,7,1,6,2
100604,1,4, ,59,6,1,4,2
100605,2,5, ,87,6,5,1,2
100610,1,3, ,89,7,1,5,2
100625,2,2,1,39,7,1,99,2
100636,2,2, ,81,3,1,1,2
100637,1,3, ,71,3,1,3,2
100639,2,3,1,45,7,2,6,2
100652,2,4,1,35,6,1,99,2
100656,2,5, ,53,1,1,98,1
100657,2,3, ,56,3,1,98,2
100659,1,2, ,25,5,1,2,2
100660,2,3,1,72,7,1,2,2
100674,2,3, ,43,3,1,7,2
100677,2,1,1,41,3,1,8,2
100678,2,9,1,30,5,1,4,2
100680,2,2,1,66,7,1,7,2
100681,1,3,88,70,5,1,99,2
100682,2,3, ,99,7,1,99,2
100684,2,3, ,25,9,9,99,9
100690,2,3, ,53,6,1,5,2
100702,1,2,1,44,6,1,8,2
100704,2,3,1,46,6,1,99,2
100707,2,2,1,61,6,1,6,2
100711,1,1, ,72,3,1,99,2
100718,2,3,98,61,5,4,6,9
100723,1,3, ,90,3,1,2,2
100727,1,3, ,40,2,2,6,2
100740,2,3,1,40,5,1,7,2
100745,2,3, ,69,3,1,6,2
100747,1,2, ,55,3,1,8,2
100748,1,2,1,60,7,1,8,2
100751,1,2, ,60,5,1,5,2
100752,2,2,1,32,6,1,8,2
100755,2,3, ,86,3,1,3,2
100761,2,3,1,43,3,1,98,1
100762,2,4, ,53,3,1,6,2
100767,1,1, ,81,7,1,8,2
100771,1,2, ,57,6,1,6,2
100772,2,5,1,52,5,1,1,2
100777,1,3, ,55,3,1,7,2
100792,2,3, ,74,3,1,3,2
100796,2,2, ,69,3,1,7,2
100800,2,3, ,80,3,1,3,2
100806,1,2, ,74,2,1,2,2
100807,2,5, ,76,5,2,2,2
100808,1,4, ,44,2,4,3,1
100819,1,3,1,18,2,2,1,2
100826,1,4, ,81,5,2,1,2
100827,2,2, ,35,5,1,99,2
100830,2,3,1,57,3,1,4,2
100833,1,3, ,50,6,1,6,2
100835,1,3, ,48,3,2,1,2
100837,2,5, ,73,5,1,99,2
100847,2,1,1,66,7,1,5,2
100853,2,3,1,59,3,1,4,2
100856,2,2,88,41,5,1,98,2
100862,2,3, ,50,7,9,99,2
100872,1,3, ,59,6,1,99,2
100875,2,1, ,74,5,1,2,2
100877,2,2,2,24,6,2,9,2
100878,1,3,1,39,5,1,6,2
100887,1,3, ,79,2,1,2,2
100888,2,3, ,71,3,1,3,2
100892,2,2, ,65,5,1,5,2
100897,2,4, ,70,5,1,3,2
100898,1,2, ,50,2,1,2,2
100899,2,3, ,27,2,1,98,2
100900,2,5, ,81,3,1,99,8
100901,1,9, ,65,2,1,99,2
100904,2,2, ,89,3,2,2,2
100906,2,2, ,61,6,1,99,2
100907,2,3,1,48,5,1,4,2
100908,1,4,1,48,3,1,6,2
100913,1,3, ,67,6,1,99,2
100920,1,4,99,35,7,9,99,9
100924,1,1, ,74,1,4,1,2
100926,2,4, ,76,1,1,1,1
100934,2,4, ,79,1,1,98,1
100936,2,3, ,65,7,1,4,2
100946,2,3,1,62,6,1,5,2
100948,2,4, ,32,1,1,3,1
100952,1,4, ,79,1,4,98,1
100953,1,3, ,54,3,1,4,2
100956,1,2,9,33,1,2,2,1
100957,2,1,99,50,6,1,99,2
100961,1,3,88,26,3,2,1,1
100964,2,5,1,60,7,1,3,2
100966,1,3, ,65,6,1,9,2
100972,1,2, ,78,6,1,99,2
100977,2,3, ,37,1,2,1,1
100979,1,1, ,82,3,1,2,2
100981,2,4, ,55,1,1,1,1
100983,2,4, ,55,6,1,3,2
100986,2,4,1,56,7,1,7,2
100991,2,3, ,64,6,3,7,2
100993,2,2, ,40,3,1,2,2
101002,1,1,1,60,6,1,9,2
101004,2,2,1,66,6,1,9,2
101006,1,4, ,35,3,1,3,2
101011,1,3, ,50,6,1,7,2
101012,1,3, ,68,3,2,5,2
101017,2,3, ,43,3,1,4,2
101020,2,3,1,63,7,1,5,2
101025,1,5, ,61,3,1,3,2
101027,2,3, ,60,6,2,5,2
101031,1,3,1,54,7,1,9,2
101035,1,1,88,18,3,2,98,2
101036,1,3,1,60,7,1,2,2
101043,1,3, ,67,2,1,2,2
101051,2,9, ,99,7,9,99,9
101053,1,4, ,46,5,6,6,1
101059,1,4,98,52,6,1,7,2
101067,1,3, ,55,3,1,7,2
101070,1,3, ,74,6,1,3,2
101071,2,4, ,87,5,1,2,2
101075,2,2,1,44,5,1,8,2
101080,1,4, ,37,2,1,1,2
101081,2,3, ,84,3,1,1,2
101082,1,1, ,77,3,2,6,2
101083,2,3, ,75,3,1,99,2
101089,2,4, ,40,3,1,6,2
101093,1,5, ,99,1,1,1,2
101094,1,1, ,30,6,1,7,2
101095,2,2, ,58,7,1,8,2
101099,1,3, ,75,3,1,3,2
101103,2,1, ,80,3,1,99,2
101107,1,4,1,46,3,2,2,2
101108,2,1,1,99,9,1,98,9
101109,2,2, ,92,1,1,1,2
101112,1,4, ,63,6,1,6,2
101113,2,4, ,84,3,1,2,2
101116,2,2, ,75,3,1,99,2
101121,1,3, ,99,5,9,99,9
101125,1,3, ,40,3,1,2,2
101131,1,2, ,71,6,1,6,2
101134,2,3, ,65,6,1,98,2
101136,2,2,1,63,7,1,98,2
101139,2,4, ,73,3,1,2,2
101140,2,5, ,68,2,2,2,2
101141,2,3, ,99,2,1,4,2
101142,1,3, ,79,3,1,99,2
101146,2,3, ,71,3,1,4,2
101152,2,3, ,81,3,1,99,2
101160,2,1,1,49,3,1,2,2
101163,2,2, ,52,3,1,7,2
101164,2,2,1,33,5,1,5,2
101166,1,3, ,77,3,1,2,2
101168,1,3, ,78,3,1,2,2
101172,2,2, ,74,5,1,5,2
101173,2,1, ,70,5,1,4,2
101174,2,2, ,45,6,2,8,2
101177,1,3, ,22,3,2,99,2
101178,1,3,1,52,6,1,8,2
101180,1,2,1,21,3,1,99,2
101181,2,1, ,74,6,1,9,2
101184,1,5, ,51,3,1,4,2
101188,2,1,1,70,7,1,99,2
101191,2,3,1,37,6,1,6,2
101192,2,2, ,60,5,1,7,2
101201,2,2, ,66,5,1,3,2
101204,2,2, ,42,6,1,7,2
101208,1,4, ,51,5,1,2,2
101218,1,2,1,66,7,1,7,2
101223,2,2, ,43,1,1,2,1
101224,2,2,1,60,5,1,6,2
101225,1,2,11,53,5,1,6,1
101233,1,3, ,40,3,2,3,2
101234,1,5, ,47,2,1,99,2
101235,1,3,1,37,3,1,6,2
101243,2,3, ,99,3,1,7,2
101253,1,2, ,64,3,1,99,2
101259,2,1, ,63,5,1,7,2
101264,2,2,98,78,6,1,7,2
101271,2,3,1,88,5,1,2,2
101272,2,4, ,80,7,2,99,2
101274,1,3,1,56,7,2,99,2
101275,2,4,1,58,4,2,2,2
101276,2,3, ,70,2,1,3,2
101277,1,5, ,91,3,1,2,2
101285,2,4, ,98,2,1,99,9
101286,1,5,1,53,3,1,2,2
101303,2,3, ,77,4,4,99,2
101306,1,5, ,65,6,1,8,2
101307,1,3,1,62,6,2,7,2
101311,2,4,1,34,5,1,6,9
101316,2,4,1,58,3,1,3,2
101319,1,2, ,49,3,1,99,2
101321,2,2,1,48,5,1,6,2
101323,2,4, ,77,3,1,1,2
101324,1,5, ,49,3,5,2,2
101327,1,4, ,60,3,1,5,2
101331,1,3,9,58,7,1,5,1
101333,2,3, ,66,3,1,99,2
101340,1,4, ,35,5,1,1,1
101341,1,1,1,48,5,1,2,2
101343,1,2, ,79,3,1,3,1
101355,2,4,1,46,5,1,7,2
101358,2,3,1,57,6,4,8,2
101359,2,3, ,70,7,1,99,2
101370,2,3, ,89,3,1,3,2
101374,1,3,1,38,6,1,7,2
101380,2,2,88,53,3,1,99,2
101381,2,4, ,55,5,1,3,2
101387,1,3, ,49,5,1,5,2
101390,1,2,1,58,7,1,8,2
101392,1,2, ,88,3,1,99,2
101405,2,3,1,54,6,1,7,2
101407,1,2, ,22,2,2,4,1
101409,2,2,1,69,3,1,3,2
101411,2,3, ,89,3,1,99,2
101413,2,5,1,49,5,1,2,2
101423,2,2, ,63,7,1,5,2
101424,2,3, ,62,3,1,99,2
101426,2,5, ,66,3,1,1,2
101436,1,1, ,80,5,1,99,2
101442,2,2,88,32,6,1,8,2
101443,2,3,88,51,3,1,2,2
101450,2,3, ,75,2,1,2,2
101452,2,3,1,47,5,1,6,2
101459,1,3,88,46,5,1,3,1
101461,2,4, ,76,3,1,99,2
101465,1,8, ,83,1,1,98,1
101466,1,5, ,71,2,1,2,2
101479,1,2, ,78,5,2,2,2
101490,1,2, ,99,8,1,99,2
101493,2,2, ,67,3,1,1,2
101502,2,2,1,55,5,1,6,2
101509,1,3, ,68,5,3,9,2
101513,2,3,1,43,6,1,9,2
101515,2,1,1,50,6,1,4,2
101523,2,1,1,50,3,1,6,2
101525,2,4,1,98,5,1,4,2
101526,1,3,1,52,6,1,4,1
101528,1,2, ,53,6,1,8,2
101537,1,3,1,25,5,1,4,2
101539,1,1,1,23,7,1,9,2
101551,1,4, ,26,2,1,1,1
101553,2,3,2,45,6,9,99,9
101556,1,2, ,46,6,1,8,2
101560,2,2,1,60,6,1,4,2
101561,1,3, ,87,3,1,98,2
101566,1,1,1,43,6,1,4,2
101567,2,1, ,75,3,2,99,2
101573,2,9,1,29,6,1,7,2
101575,2,4,1,65,6,1,99,2
101579,1,2, ,73,2,1,8,2
101581,2,2,1,69,5,1,4,2
101582,2,2, ,89,2,1,1,2
101583,2,2, ,79,2,2,98,2
101584,1,2,2,60,6,1,8,2
101590,2,3, ,66,5,1,6,2
101591,2,1,1,54,6,1,99,2
101593,2,4, ,33,2,1,2,2
101604,2,3, ,80,3,1,2,2
101606,2,3, ,71,2,1,2,2
101609,2,3, ,83,5,1,2,2
101615,1,1,1,65,6,1,7,2
101616,1,2, ,40,6,1,7,2
101623,1,2, ,64,5,1,5,2
101631,2,1, ,55,3,1,7,2
101634,1,2, ,51,4,1,8,2
101643,1,3, ,43,4,2,99,1
101647,1,3, ,52,6,1,6,2
101648,2,3,1,56,3,1,3,2
101649,2,2, ,99,7,1,99,2
101651,2,4, ,78,3,2,2,2
101659,2,2, ,57,4,1,99,2
101660,1,3, ,57,3,1,3,1
101662,2,3,1,37,6,4,6,2
101666,1,3, ,63,3,2,98,2
101675,2,3, ,87,1,1,3,2
101676,1,3, ,50,7,1,7,2
101687,2,2, ,60,6,1,7,2
101688,1,2,1,73,3,1,5,2
101695,1,4, ,68,3,1,3,2
101698,2,3, ,92,1,1,1,2
101699,2,1, ,88,6,1,8,2
101700,2,3, ,64,3,1,98,2
101703,1,5,1,29,7,1,1,2
101709,2,1,1,59,7,1,7,2
101710,1,2, ,49,6,1,8,2
101712,1,2, ,64,6,1,3,2
101734,2,4, ,64,3,1,1,2
101738,2,1,1,31,5,2,4,2
101740,2,2, ,72,3,1,4,2
101741,1,8, ,74,1,1,2,1
101743,2,2, ,62,5,1,3,1
101752,2,2,1,56,6,1,9,2
101753,2,4, ,76,8,1,3,2
101756,1,1, ,99,7,9,99,9
101765,2,2,1,26,5,2,2,2
101767,2,4, ,52,6,1,7,2
101772,1,4, ,42,1,6,4,1
101777,2,2,1,53,5,1,7,2
101786,2,3, ,58,7,1,99,2
101788,2,4,1,61,5,5,6,2
101789,1,2, ,88,7,1,7,2
101791,1,2,1,58,7,1,9,2
101798,2,3,1,39,3,1,99,2
101805,1,1,1,41,6,2,9,2
101821,2,4, ,75,2,1,99,2
101822,2,4,1,60,7,1,8,2
101825,1,3, ,55,3,1,6,2
101834,2,4,1,53,5,1,3,2
101847,2,3, ,66,3,2,4,2
101863,1,2,1,53,7,1,6,2
101869,2,3, ,99,6,2,7,2
101876,1,4, ,58,7,1,1,2
101883,1,2,1,30,6,1,8,2
101884,2,4, ,64,1,1,1,2
101894,1,3, ,90,7,1,6,2
101903,2,4,1,68,6,1,99,2
101905,1,3, ,84,7,1,99,2
101906,2,3,1,64,5,1,8,2
101908,1,4, ,72,6,1,7,2
101909,2,4,1,56,7,1,5,2
101913,2,5, ,56,3,1,2,2
101917,2,4,1,67,3,1,3,2
101919,1,2,1,20,5,1,4,2
101920,2,3, ,85,6,1,98,2
101929,2,3, ,59,5,1,7,2
101939,1,4,1,25,5,2,3,1
101942,2,3,88,68,3,1,3,2
101943,2,1,1,43,7,1,8,2
101944,1,3, ,76,3,1,5,2
101947,2,3, ,59,7,2,8,2
101951,2,3,1,48,6,1,4,2
101954,1,4,88,66,3,2,1,2
101957,2,3, ,67,5,1,98,2
101958,2,4, ,69,6,1,8,2
101961,1,2,1,29,3,3,5,2
101965,2,1, ,92,3,1,2,2
101981,1,5, ,69,1,1,3,2
101983,2,3, ,60,3,1,99,2
101986,2,5,1,55,5,2,3,2
101992,1,4, ,84,3,1,99,2
101997,1,3,1,55,3,1,8,2
101998,2,2,88,87,5,1,7,2
102008,2,2, ,59,3,3,98,1
102012,1,1, ,27,5,1,6,2
102014,1,1,1,65,6,1,7,2
102018,2,2, ,60,7,1,3,2
102022,1,3, ,85,3,1,99,2
102026,2,3, ,80,1,1,98,2
102027,2,3,1,23,6,1,99,2
102030,1,3, ,70,3,1,2,2
102031,1,4,1,19,5,1,7,2
102033,2,2,11,90,5,1,4,2
102038,1,4,1,72,2,1,5,2
102057,1,3, ,39,2,1,6,2
102061,2,4,1,40,5,1,4,2
102067,2,4, ,74,8,8,98,1
102069,2,2, ,39,4,1,5,2
102072,2,1,1,28,5,1,6,2
102083,2,2, ,72,7,1,98,2
102085,1,4, ,37,3,1,2,1
102088,2,1,1,42,7,4,8,2
102094,2,1, ,47,7,2,9,2
102098,2,4, ,54,3,2,1,2
102109,2,3,1,35,3,1,7,2
102113,1,5, ,99,3,1,3,2
102116,1,3,1,38,1,1,1,2
102128,1,3,1,54,6,1,9,2
102129,1,3, ,37,6,1,4,2
102137,2,2,88,82,6,2,5,2
102141,1,2,1,57,7,1,9,2
102142,2,1, ,75,6,1,99,2
102150,1,1, ,70,7,1,6,2
102152,1,1,1,83,7,1,4,2
102153,1,4,1,30,5,1,99,2
102162,2,3, ,78,3,1,2,2
102171,2,4, ,99,6,4,99,2
102173,2,3,1,99,7,2,5,2
102177,1,2,1,43,6,1,7,2
102180,2,2,1,37,6,8,98,2
102185,2,1,1,18,2,4,7,2
102196,1,2, ,69,5,1,6,2
102198,1,2,1,34,7,1,8,2
102203,2,5,1,53,4,1,4,2
102205,2,3, ,77,5,1,4,2
102220,2,4,1,19,5,1,5,2
102230,2,2, ,67,6,1,7,2
102231,1,3,12,18,3,2,3,2
102235,2,3, ,79,3,1,4,2
102236,1,3, ,84,3,1,4,2
102239,1,3, ,38,3,1,4,2
102258,2,3, ,78,5,1,99,2
102259,2,1,1,80,7,1,5,2
102261,2,4, ,19,5,1,6,1
102262,2,3,1,34,4,1,9,2
102268,2,4, ,66,5,1,99,2
102269,1,3, ,75,5,1,6,2
102273,1,3,1,55,6,1,6,2
102275,1,1, ,73,7,1,98,2
102279,1,3,1,21,3,2,3,1
102285,2,2, ,49,3,1,5,2
102289,2,4, ,68,6,1,98,2
102291,1,2, ,63,2,1,2,2
102295,2,3, ,57,3,1,1,8
102297,2,2, ,42,5,1,6,2
102298,1,1, ,52,3,2,3,2
102306,2,4, ,85,6,1,99,2
102317,2,2,1,99,7,1,8,2
102329,2,3,1,61,3,1,99,2
102331,1,1,1,59,6,1,8,2
102332,1,3, ,56,6,1,99,2
102336,2,4, ,78,1,1,98,2
102338,1,5, ,44,3,1,1,2
102339,2,3,98,56,3,1,99,2
102340,1,3,88,99,5,1,99,2
102343,2,3, ,47,1,1,1,2
102347,1,1, ,75,6,1,1,1
102349,2,3, ,62,6,1,99,2
102353,2,4, ,78,5,1,4,2
102354,2,2,99,64,6,1,99,2
102355,2,3,1,52,7,1,6,2
102360,2,3, ,78,3,2,2,2
102362,2,2,1,64,7,1,99,2
102364,2,3,1,80,5,1,99,2
102365,2,2, ,71,5,1,99,2
102368,2,3, ,47,5,1,3,2
102370,2,4, ,65,3,1,7,2
102371,2,3, ,70,3,1,2,2
102379,2,4, ,74,5,1,99,2
102382,2,3,1,60,6,1,9,2
102385,2,2,1,44,5,1,7,2
102397,1,2,1,49,6,1,8,2
102398,1,1,98,44,5,1,99,9
102401,1,3, ,44,6,1,5,2
102410,1,3, ,62,7,1,8,2
102412,2,2,1,63,3,1,5,2
102414,1,4, ,66,7,1,6,2
102416,1,3, ,53,5,4,4,1
102417,2,4,1,61,7,1,3,2
102423,2,2, ,74,3,1,5,2
102424,2,4, ,65,6,1,99,2
102429,2,4,1,52,6,1,8,2
102430,2,3, ,42,5,1,1,2
102432,1,3, ,59,5,1,4,2
102433,2,3,1,32,7,1,7,2
102442,1,3, ,50,2,1,3,2
102445,1,2, ,55,3,1,4,2
102453,2,1, ,55,6,2,7,2
102454,2,4,1,43,3,1,8,2
102457,1,3,98,76,7,2,98,2
102458,1,3, ,66,6,1,99,2
102462,2,2, ,50,7,1,9,2
102465,1,2, ,71,6,2,3,2
102466,2,1, ,65,6,1,7,2
102472,1,4,1,61,3,1,6,2
102478,2,4,1,60,3,1,6,2
102484,2,1, ,73,1,1,1,2
102495,2,4, ,74,1,1,98,1
102501,2,3, ,75,4,1,6,2
102504,1,2, ,50,5,2,6,2
102507,2,1,1,48,7,1,8,2
102508,2,3,1,44,5,1,4,1
102514,2,2,1,51,3,1,3,2
102516,2,3, ,82,4,1,2,2
102518,1,5, ,62,2,1,1,2
102522,2,5, ,65,3,1,98,2
102529,1,3,1,70,6,2,7,2
102530,1,3,1,57,6,1,2,2
102532,2,5, ,47,5,1,3,2
102535,2,2, ,61,1,1,1,1
102538,2,3, ,68,6,1,5,2
102542,2,5, ,86,1,1,98,1
102546,2,4, ,45,5,1,6,1
102552,2,2, ,84,3,1,4,2
102553,2,4, ,79,5,1,1,2
102556,2,4, ,50,3,1,8,2
102558,2,2, ,86,3,1,99,2
102560,2,3,1,30,5,1,7,2
102566,1,2, ,67,4,1,6,2
102567,1,3, ,76,2,1,5,2
102569,1,3,1,68,6,1,6,2
102572,1,4, ,52,3,2,2,2
102575,2,2, ,80,3,1,98,2
102581,2,4, ,84,3,1,3,2
102583,2,3, ,49,1,1,2,1
102584,2,4,1,44,7,1,7,1
102585,2,4,1,68,7,1,9,2
102592,2,4, ,35,4,1,1,2
102594,2,2, ,50,6,1,99,2
102595,2,2,9,50,3,1,99,2
102602,2,4, ,45,3,1,3,2
102603,2,3, ,68,4,1,6,2
102607,1,5, ,21,2,6,99,1
102611,1,2,1,21,5,1,6,1
102612,2,2, ,87,6,1,98,2
102613,2,3, ,64,5,1,4,2
102615,2,2,1,41,7,1,9,2
102616,2,3,2,42,7,1,9,2
102618,2,3, ,55,3,1,6,2
102620,2,3,1,37,3,1,4,2
102622,2,2, ,48,6,1,99,2
102624,1,2, ,85,5,1,5,2
102633,1,4, ,65,3,1,4,2
102640,1,2, ,47,1,9,1,8
102642,2,3, ,75,3,1,99,2
102646,2,2,1,65,6,1,6,2
102647,1,4, ,81,3,1,98,2
102649,2,3,1,20,3,1,99,2
102652,1,3, ,82,3,1,2,2
102657,2,1,1,65,7,1,7,2
102659,1,2,1,59,7,1,99,2
102661,2,3, ,71,3,1,4,2
102663,2,4, ,65,2,2,2,2
102666,2,2,1,54,5,1,7,2
102669,1,3, ,94,2,5,1,2
102673,1,1, ,44,5,1,4,2
102678,2,1,1,62,3,1,99,2
102680,2,3, ,80,3,1,2,2
102687,2,1, ,65,6,1,99,2
102692,2,3, ,60,6,9,4,2
102693,2,4, ,85,6,1,99,2
102700,2,2,1,53,6,1,7,2
102701,2,2,98,61,3,1,98,2
102708,2,2, ,72,3,1,99,2
102710,2,1, ,63,3,1,5,2
102713,2,2, ,85,5,1,3,2
102716,1,2,1,52,3,1,7,2
102731,2,4,1,50,6,3,9,2
102732,2,2, ,55,5,1,99,2
102735,2,2,12,62,6,3,99,2
102737,1,2,1,44,6,1,6,2
102744,1,1,1,57,7,1,7,2
102746,1,3,99,60,3,1,4,2
102750,2,4,1,61,5,1,5,2
102755,1,3,1,99,3,9,5,2
102761,2,1,1,42,6,1,8,2
102774,1,2,1,50,3,1,8,2
102785,1,1, ,87,3,1,3,2
102791,2,4, ,83,7,1,6,2
102792,1,2, ,52,3,1,8,2
102796,2,2, ,73,2,1,3,2
102797,2,4, ,59,3,1,1,2
102800,1,4, ,57,7,1,6,2
102808,1,5, ,59,2,1,5,2
102811,2,2,1,61,3,1,7,2
102813,2,1,1,63,6,1,9,2
102824,2,4,2,50,6,1,8,2
102830,2,4, ,80,3,1,1,2
102831,1,4, ,66,5,1,3,2
102833,2,2, ,80,5,1,99,2
102835,2,1, ,75,7,1,6,2
102839,1,4, ,70,2,2,2,1
102843,1,3, ,43,6,1,8,2
102845,1,2, ,71,6,1,8,2
102846,2,3,1,67,3,1,5,2
102850,2,5, ,83,1,1,3,2
102853,2,4,3,50,3,1,4,2
102854,1,4, ,87,5,1,2,2
102855,2,3, ,51,6,1,7,2
102861,1,4, ,69,7,1,6,2
102865,2,3, ,48,4,1,2,2
102866,2,3,1,41,6,1,99,2
102868,1,2, ,85,8,1,2,2
102873,2,4, ,73,3,1,98,2
102875,1,3, ,75,6,1,7,2
102888,2,4,1,24,5,1,3,1
102890,2,3, ,44,6,1,8,2
102892,2,3, ,44,6,1,4,2
102897,2,3,1,19,3,4,3,1
102899,1,4,1,56,5,1,2,2
102904,2,3, ,78,2,1,2,2
102905,1,3, ,65,5,1,99,2
102913,2,3,88,49,5,2,4,2
102921,1,1, ,56,5,1,6,2
102927,1,3,1,60,5,1,8,2
102936,2,2, ,80,2,3,5,2
102941,2,5, ,30,3,1,1,1
102943,1,2,1,71,7,1,4,2
102944,1,1,88,67,7,1,99,2
102953,2,4, ,69,3,1,5,2
102964,2,3,1,34,6,1,7,2
102966,1,1,1,34,7,1,8,2
102971,1,5, ,81,3,1,99,9
102972,2,3, ,72,2,1,99,2
102973,1,4, ,56,3,1,5,2
102982,2,2,1,51,3,1,7,2
102987,1,4, ,52,3,1,6,2
102998,1,4, ,41,6,1,99,2
103003,2,4,1,40,7,1,8,2
103007,2,2, ,58,3,9,98,2
103008,2,3, ,55,2,1,1,2
103011,2,1, ,69,5,1,6,2
103012,2,4, ,82,6,1,98,2
103014,2,1, ,66,5,1,5,2
103019,2,2,1,24,6,3,8,2
103021,2,3,1,63,7,1,5,2
103025,1,2, ,53,2,2,99,2
103027,1,1, ,61,3,1,6,2
103034,1,3,1,38,3,2,7,2
103038,2,3, ,68,7,1,4,2
103039,1,3, ,62,7,1,6,2
103046,2,3, ,69,5,1,99,2
103049,1,2, ,62,5,1,99,2
103064,2,3, ,70,3,1,1,2
103066,2,3, ,77,5,1,3,2
103068,1,2,1,69,6,1,7,2
103071,1,3, ,39,5,4,3,2
103075,2,3, ,45,6,1,9,2
103076,2,4, ,69,3,1,99,2
103089,1,2, ,78,7,1,2,2
103095,2,1,1,45,2,1,2,2
103101,2,4, ,59,6,2,3,2
103108,1,2,5,38,6,1,7,2
103118,2,2,1,36,6,1,7,2
103123,2,3,1,30,3,2,4,2
103124,2,2, ,50,7,1,8,1
103125,1,3, ,73,7,1,7,2
103127,2,2,99,47,7,1,6,2
103136,1,4,1,22,5,1,4,1
103138,1,2,99,99,7,9,99,2
103140,2,3, ,31,1,1,1,1
103143,1,3, ,52,3,1,6,2
103144,1,2, ,61,6,2,98,1
103147,2,2, ,83,3,1,3,2
103148,2,3,1,28,5,1,99,2
103149,2,2, ,87,5,1,4,2
103151,1,3, ,64,3,1,6,2
103153,2,2, ,45,3,1,5,2
103154,2,5,1,77,7,1,99,2
103157,1,4, ,54,3,2,2,2
103160,2,3, ,72,3,1,98,2
103178,2,2,1,55,5,1,4,2
103180,2,2,88,50,5,1,5,2
103183,1,2, ,61,3,1,2,2
103184,2,3, ,89,3,1,98,2
103187,2,1, ,82,7,1,6,2
103188,1,3, ,81,1,1,99,2
103195,2,3, ,75,3,1,99,2
103200,2,3, ,88,5,1,99,2
103202,2,2,1,71,1,1,3,2
103205,2,3, ,77,3,1,2,2
103208,1,3, ,64,2,1,2,2
103211,2,2, ,63,5,1,3,2
103213,2,3, ,82,3,1,2,2
103216,2,4, ,71,5,1,3,2
103219,2,4, ,86,3,1,2,2
103221,2,4,1,44,5,1,2,2
103222,2,3,1,30,5,1,2,2
103223,1,2, ,90,5,1,4,2
103224,1,2,1,32,6,1,9,2
103226,2,2,1,27,3,1,6,2
103232,1,2, ,53,5,1,8,2
103233,2,1,1,37,6,1,98,2
103237,2,1, ,69,6,1,98,2
103239,2,1,12,60,5,1,3,2
103241,2,2, ,85,3,1,1,2
103245,1,2,1,71,7,1,8,2
103251,2,4,1,21,5,2,2,2
103262,2,3, ,77,6,9,99,9
103263,1,1,1,35,3,1,7,2
103274,1,2,1,53,6,1,8,2
103282,1,2,1,52,9,1,8,2
103286,2,4, ,55,7,1,4,2
103290,2,5, ,85,2,1,98,2
103301,1,5, ,23,2,2,1,2
103304,2,2,1,47,6,1,6,2
103305,2,4,1,26,3,2,6,2
103310,2,3, ,82,3,1,99,2
103311,2,5, ,73,1,2,3,1
103317,2,3, ,40,7,1,7,2
103318,1,3,1,49,5,1,6,2
103329,1,2, ,88,1,1,99,2
103330,1,5, ,62,3,9,99,9
103332,1,2, ,60,3,1,6,2
103340,1,3, ,53,3,1,4,2
103351,2,1, ,58,7,1,99,2
103354,2,4,1,53,3,1,2,2
103356,2,2, ,73,3,9,99,8
103365,2,4, ,60,5,1,99,2
103372,1,4, ,66,3,1,99,2
103378,1,3, ,65,3,1,6,2
103383,2,3, ,45,3,1,6,2
103384,2,4, ,89,2,1,1,2
103386,2,4,1,65,4,1,4,2
103395,2,3, ,84,6,2,3,2
103400,2,3,1,63,3,1,5,2
103406,2,3, ,66,5,2,2,2
103411,1,3, ,82,7,1,3,2
103412,1,3,1,46,3,2,4,2
103418,1,4, ,50,5,2,4,2
103423,2,5, ,62,6,6,2,1
103425,2,2, ,47,3,6,4,1
103429,1,5, ,27,4,1,7,2
103431,2,3, ,60,7,1,99,2
103435,2,2,1,42,5,1,7,2
103439,2,1,1,34,6,1,4,2
103452,2,1, ,88,3,1,98,2
103468,2,3, ,63,6,1,99,2
103491,2,2, ,68,2,1,99,2
103495,2,3,1,54,6,1,3,2
103499,2,1,1,59,6,1,9,2
103518,1,4, ,77,3,1,7,2
103519,2,2,1,19,5,4,5,2
103543,1,3, ,25,6,1,5,2
103556,2,3, ,80,1,1,98,2
103572,1,4, ,51,3,1,7,2
103573,1,4, ,53,6,1,1,2
103576,1,3, ,76,3,1,7,2
103577,1,3,1,55,7,1,8,2
103587,1,5,1,55,5,1,8,2
103589,2,3, ,50,6,1,6,2
103591,2,2,1,60,6,1,6,2
103592,2,4, ,86,1,1,98,1
103599,2,3,1,76,3,1,2,2
103609,2,3, ,75,5,2,3,2
103611,2,3, ,80,3,2,6,2
103612,2,3, ,76,7,1,6,2
103615,2,1,1,42,4,1,6,2
103616,2,3, ,60,5,2,6,1
103617,2,3, ,78,4,1,4,2
103628,1,5, ,63,2,1,2,2
103630,1,4, ,69,3,2,99,2
103631,2,1, ,80,7,1,6,2
103636,2,2,1,60,7,1,8,2
103638,2,1, ,99,5,1,99,2
103645,2,3, ,84,3,1,1,2
103650,1,1,2,51,5,1,8,2
103652,1,2, ,36,3,1,7,2
103657,2,3,1,67,3,1,7,2
103660,1,4, ,99,3,1,98,2
103665,1,3,1,43,7,1,99,2
103669,2,1,1,21,5,3,8,2
103678,2,5,1,23,3,1,2,2
103684,1,1,1,42,5,5,4,2
103700,1,3,99,63,5,1,8,2
103701,1,1, ,40,7,1,8,2
103703,1,4, ,46,3,1,6,2
103705,1,4, ,83,2,1,99,2
103707,2,3,1,62,7,1,6,2
103709,2,4, ,98,9,1,99,2
103710,2,3, ,60,6,1,7,2
103713,1,1, ,70,5,1,4,2
103716,2,5, ,84,3,1,99,2
103717,2,4, ,48,5,1,6,1
103719,1,5, ,44,1,2,1,1
103720,1,3,1,35,7,8,9,1
103730,2,2, ,51,5,1,8,2
103743,2,3,1,67,5,1,4,2
103746,2,2, ,80,3,1,2,2
103748,2,2,1,62,5,1,6,2
103750,2,2,1,52,7,1,9,2
103751,2,3, ,82,6,1,3,2
103757,2,2,1,60,6,1,99,2
103760,2,4, ,56,3,1,99,2
103762,2,4, ,99,9,9,99,9
103773,1,2, ,31,3,1,3,2
103777,2,2,1,51,6,1,6,2
103780,2,3, ,71,3,2,2,2
103783,1,4, ,74,2,2,1,2
103789,2,3,1,78,3,1,3,2
103793,2,9, ,87,5,1,4,2
103798,2,2,9,31,3,2,2,2
103800,2,4, ,63,2,1,1,2
103815,1,2, ,69,5,1,6,2
103820,1,4, ,51,3,1,7,2
103822,2,5,1,62,5,1,5,2
103825,2,2,1,38,6,1,3,2
103826,2,4, ,70,3,1,99,2
103829,2,8,1,71,2,1,98,2
103830,1,3, ,70,3,2,2,2
103835,2,4, ,35,3,1,99,1
103844,2,4,1,26,3,1,5,2
103862,2,2,1,75,3,1,5,2
103867,2,2, ,78,5,1,99,2
103869,1,3, ,59,3,1,99,2
103885,1,2,1,56,5,1,5,1
103892,2,3, ,75,5,1,2,2
103893,1,3, ,73,7,1,9,2
103901,1,4,99,54,2,1,2,2
103916,2,3,1,44,6,1,8,2
103917,2,3, ,62,3,1,4,2
103930,2,2,1,66,5,1,99,2
103932,1,9,88,54,3,2,2,2
103941,1,4, ,30,7,9,7,1
103947,2,3, ,72,5,1,2,2
103964,2,4,1,56,5,1,4,2
103968,1,5,1,63,7,1,1,2
103971,2,2, ,83,1,2,98,2
103972,1,3, ,74,7,2,6,2
103979,2,2, ,68,3,1,6,2
103985,2,2, ,52,3,1,7,2
103988,1,5, ,64,9,1,1,2
104001,2,3, ,99,6,1,99,2
104002,2,3, ,97,5,1,2,2
104005,2,2,1,61,7,1,6,2
104007,2,2,1,44,5,1,8,2
104011,1,3, ,49,3,1,2,2
104017,2,2,1,64,5,1,7,2
104020,2,1, ,84,3,1,98,2
104022,1,1, ,64,7,1,8,2
104023,1,3, ,90,2,9,1,9
104025,2,1,1,20,5,1,7,2
104031,1,3,5,81,7,1,8,2
104033,1,5, ,24,1,1,2,2
104036,2,2, ,90,3,1,5,2
104041,2,2, ,52,5,1,6,2
104044,2,2, ,57,5,1,2,2
104046,1,5, ,86,7,1,99,2
104047,1,2,1,31,7,3,7,2
104050,2,3,1,63,7,1,4,2
104059,2,3,1,49,6,1,6,2
104061,1,2,5,38,6,1,5,2
104065,2,4,1,54,6,5,2,2
104071,1,2,1,59,5,1,9,2
104074,1,2, ,37,6,3,7,2
104075,1,3, ,67,5,1,7,2
104076,2,2, ,69,2,1,98,2
104081,2,2,1,51,6,1,99,2
104085,2,1,1,46,5,1,8,2
104086,2,2, ,49,7,1,6,2
104087,2,4, ,83,1,1,1,2
104088,2,1, ,41,5,4,8,2
104100,2,3, ,65,3,1,99,2
104102,2,1, ,52,3,1,6,2
104120,2,3, ,76,6,1,7,2
104132,1,2,1,59,7,1,8,2
104135,2,2,1,51,7,1,99,2
104156,2,4, ,77,5,1,3,2
104171,2,2, ,73,1,1,2,2
104172,2,2, ,78,3,1,99,2
104186,2,3, ,72,3,1,99,2
104187,2,3, ,53,6,1,6,2
104189,2,3, ,78,5,2,2,2
104190,1,5, ,57,3,1,1,2
104198,1,1, ,73,7,2,4,2
104201,2,1, ,97,5,1,1,2
104207,1,2, ,51,5,6,8,1
104208,2,2,1,56,7,1,7,2
104209,1,2, ,71,6,1,3,2
104216,2,3,1,26,6,1,6,1
104217,1,4,9,65,5,1,6,2
104221,2,1, ,70,2,1,1,2
104232,2,3, ,78,3,2,1,2
104236,2,3, ,48,3,5,3,2
104249,1,3, ,99,7,1,99,2
104252,1,3, ,59,2,2,5,2
104261,2,2, ,72,3,1,1,2
104264,2,3, ,38,6,2,6,2
104271,2,2,1,54,3,4,6,2
104274,1,1,1,72,5,1,7,2
104275,1,1, ,81,3,1,99,2
104280,2,3, ,53,3,1,2,2
104282,2,3,1,60,5,3,7,2
104283,2,2,1,19,3,2,2,2
104284,2,4, ,88,3,1,99,2
104286,2,4, ,67,6,2,3,2
104290,1,3, ,62,3,1,99,2
104293,2,4, ,67,5,1,1,2
104297,1,1, ,92,5,1,5,2
104299,1,1, ,70,3,1,3,2
104301,1,1,88,66,6,1,8,2
104306,1,3, ,61,3,1,5,2
104314,1,3,1,51,5,1,8,2
104326,2,3,1,60,5,8,4,2
104333,2,3, ,65,5,1,3,2
104339,1,3, ,29,2,1,98,2
104345,2,1, ,52,2,2,1,2
104348,2,3,1,59,5,1,5,1
104351,2,2,1,24,4,2,1,2
104355,2,1, ,60,5,2,99,2
104356,2,5, ,85,3,2,3,2
104361,1,2,1,50,6,2,6,2
104367,1,3, ,81,5,1,5,2
104379,2,4, ,86,2,1,2,2
104381,2,5,1,27,3,6,1,1
104382,2,5, ,72,3,1,1,2
104383,1,3, ,56,6,1,7,2
104384,1,3,1,37,5,1,8,2
104387,2,3, ,48,6,1,99,2
104394,2,3, ,64,5,1,5,2
104396,1,5, ,78,1,1,98,1
104401,1,3, ,52,5,1,7,2
104406,1,2, ,50,5,1,8,2
104407,2,1, ,62,5,1,3,2
104413,2,2, ,43,5,4,6,2
104421,2,3,1,35,3,3,7,2
104423,2,2,1,34,7,1,9,2
104453,1,3, ,62,5,1,99,2
104456,2,3, ,92,3,1,98,2
104467,2,3,1,62,7,1,6,2
104471,1,3, ,64,3,1,7,2
104472,1,8, ,70,5,1,2,2
104478,2,2, ,52,7,1,99,2
104485,2,1,1,45,7,1,9,2
104486,1,3, ,50,3,1,7,1
104489,2,3, ,99,7,1,99,2
104491,2,1, ,59,3,1,7,2
104493,1,3, ,60,5,2,9,2
104494,1,1,1,18,3,1,9,2
104497,1,2,1,33,6,1,7,2
104498,2,1, ,77,6,1,1,2
104499,2,3,1,70,6,1,8,2
104506,2,2,98,61,3,1,5,2
104511,2,2, ,73,3,1,2,2
104513,1,4,1,53,7,1,99,2
104523,1,2, ,53,6,1,8,2
104535,2,4, ,72,1,2,1,2
104536,1,2,1,24,3,1,5,2
104549,1,3,1,57,7,1,8,2
104556,2,4, ,80,2,1,3,1
104557,2,3,1,30,3,1,7,2
104558,1,4, ,24,3,1,3,2
104559,2,3,1,72,7,2,8,2
104569,2,2, ,37,7,6,99,1
104577,1,3, ,63,5,1,6,2
104581,2,3, ,66,4,1,99,2
104588,1,2,1,73,7,1,3,2
104589,2,5, ,64,2,2,5,2
104593,2,3, ,55,6,3,99,2
104599,2,4, ,28,3,2,2,2
104600,1,1,1,45,6,1,99,2
104609,2,2,1,40,7,1,6,2
104613,2,3,1,44,7,1,6,2
104615,2,3,1,49,5,1,8,2
104617,2,3, ,81,3,1,4,2
104619,2,2, ,85,5,1,3,2
104622,2,2,1,31,6,1,6,2
104623,2,1, ,76,3,1,98,2
104633,2,3, ,41,6,1,8,2
104635,1,3,1,39,3,1,7,2
104642,2,3,1,23,5,1,3,2
104655,2,2,1,24,6,5,6,2
104657,2,8, ,73,7,1,6,2
104658,2,1,1,61,6,1,9,2
104662,2,2,1,59,6,1,9,2
104665,2,2, ,60,5,1,6,2
104669,2,4, ,65,3,1,4,2
104675,1,4, ,65,4,1,6,2
104677,2,2, ,64,3,1,7,2
104684,1,3, ,49,5,1,6,2
104690,2,2, ,79,1,1,98,2
104695,2,3, ,58,3,1,7,2
104698,1,3, ,60,5,2,3,2
104700,2,2, ,88,3,1,99,2
104704,2,1, ,49,6,1,3,2
104705,2,2,1,99,7,1,5,2
104706,2,3, ,52,4,1,99,2
104710,2,2, ,71,3,2,4,2
104711,1,1, ,18,3,1,5,2
104716,2,3, ,91,4,1,99,2
104720,1,1, ,88,5,1,3,2
104722,1,4, ,40,6,1,7,2
104726,2,3, ,85,3,1,3,2
104729,1,1, ,78,7,1,9,2
104735,2,2, ,88,7,1,99,2
104753,2,2, ,56,3,1,6,2
104755,1,4, ,59,5,9,4,2
104762,2,2, ,78,6,1,4,2
104764,2,2, ,63,3,1,5,2
104769,1,2, ,71,3,1,1,2
104773,1,4, ,88,1,1,99,2
104774,1,2, ,70,3,1,5,2
104776,2,1,1,50,7,1,9,1
104779,1,4, ,72,1,2,2,2
104783,1,4, ,60,7,1,99,2
104788,1,2,1,42,6,1,7,2
104793,1,4, ,47,5,2,2,2
104794,2,2,1,68,6,1,6,2
104796,2,5, ,50,6,1,3,1
104798,2,4, ,73,3,2,1,2
104803,2,2, ,51,6,1,9,2
104805,2,3,1,36,3,1,7,2
104806,1,3,1,65,6,1,7,2
104811,2,4,1,35,3,1,98,1
104823,1,2,2,74,7,1,9,2
104824,2,4, ,57,6,1,5,2
104833,1,4,1,70,3,1,4,2
104842,2,4,1,54,3,1,99,2
104846,2,2, ,56,5,4,8,1
104852,2,3,1,21,5,1,98,2
104856,2,3, ,75,2,1,2,2
104857,2,2, ,99,9,9,99,9
104859,2,5,1,46,5,1,5,2
104860,1,3, ,35,3,2,6,2
104861,1,4, ,47,3,1,99,2
104870,1,4,1,19,3,1,1,1
104876,2,1,1,46,5,1,7,1
104877,2,3,1,55,6,1,99,2
104878,2,4, ,60,5,1,4,2
104882,1,1,1,73,7,1,9,2
104885,1,1, ,64,3,1,98,1
104889,2,4,1,34,2,1,3,1
104898,1,4, ,69,7,1,2,2
104907,2,2,1,40,7,9,7,2
104910,2,3,1,99,3,9,99,2
104911,2,3, ,31,3,3,6,2
104913,2,2,1,52,6,1,7,2
104919,2,3,1,60,4,1,3,2
104924,2,1,1,64,4,1,8,2
104940,2,2, ,50,3,1,3,2
104950,1,3,1,34,7,1,6,2
104952,1,2, ,80,6,1,2,2
104953,1,1,1,46,7,1,7,2
104967,1,2, ,63,5,1,7,2
104968,2,2,1,67,5,1,6,2
104974,1,2, ,50,7,1,9,2
104975,2,3, ,57,3,1,3,2
104977,1,2,4,49,3,1,3,2
104979,2,3, ,89,6,8,2,2
104981,2,3, ,64,3,1,3,2
104985,1,1,1,60,5,1,5,2
104987,2,2, ,82,2,2,98,2
104989,1,3, ,47,6,3,8,2
105002,1,3,1,50,6,1,4,2
105011,2,1,1,45,7,1,99,2
105017,2,4, ,81,3,1,98,2
105020,1,4, ,56,3,1,1,2
105022,1,4, ,49,3,1,1,2
105024,2,1,1,53,6,1,9,2
105033,1,2, ,29,7,1,9,2
105036,1,5, ,69,1,1,4,2
105045,2,2, ,85,5,1,99,2
105054,1,3, ,51,3,1,5,2
105056,1,4, ,77,3,2,1,2
105059,2,4,1,65,5,1,2,2
105062,2,1, ,80,3,1,99,2
105064,2,3,1,75,5,1,6,2
105066,1,2,1,38,3,1,9,2
105069,2,2,1,51,7,1,7,2
105070,1,3, ,70,6,1,5,2
105073,2,3, ,77,3,1,1,2
105079,2,5, ,75,1,1,98,2
105081,2,2,1,34,5,3,6,2
105086,1,3, ,69,7,5,7,2
105091,2,1,1,65,6,1,7,2
105093,2,2,1,24,6,1,8,2
105094,2,2,1,56,6,1,8,2
105095,2,2,1,45,5,1,7,2
105100,2,4,1,22,5,2,3,1
105102,1,2, ,28,5,1,1,2
105104,2,3,12,23,3,1,98,2
105106,2,1,1,63,5,1,7,2
105109,2,1,1,27,5,2,4,2
105116,2,2,1,18,3,4,4,1
105122,2,2, ,93,5,1,98,2
105126,2,3, ,99,9,1,99,2
105130,2,3,1,25,3,1,4,1
105131,2,2, ,66,5,1,3,2
105134,1,2,1,46,5,1,6,2
105145,2,1,1,31,6,1,9,2
105146,2,4, ,56,5,2,6,2
105160,2,1, ,23,5,9,98,2
105162,2,4,1,37,5,1,2,1
105164,1,3, ,66,3,4,6,2
105180,1,3,98,71,7,1,8,2
105198,2,3,1,37,3,1,3,2
105199,2,1,1,30,6,1,7,2
105205,2,2,1,18,2,6,3,1
105211,2,2,1,49,6,1,8,1
105212,2,1, ,63,5,1,99,2
105214,1,3, ,63,6,1,8,2
105215,1,3, ,64,3,1,2,2
105218,2,1,1,58,7,2,8,2
105222,1,3, ,71,3,1,1,2
105227,2,3, ,64,5,1,5,2
105236,2,4,1,28,3,1,3,2
105254,2,4, ,53,5,1,5,2
105257,1,4,1,50,5,1,4,2
105262,1,3,1,35,3,9,8,2
105265,1,1, ,71,5,2,1,2
105267,1,4, ,31,3,4,99,1
105269,1,2,1,61,7,1,99,2
105273,2,4, ,58,1,6,2,1
105282,1,2, ,64,5,1,6,2
105302,2,2, ,70,6,1,99,2
105317,2,1, ,75,3,1,1,2
105320,1,2,1,49,6,1,8,2
105323,1,1,1,58,6,1,99,2
105326,1,2,5,46,5,1,2,2
105327,1,1,1,18,3,1,9,2
105341,2,4, ,59,2,2,3,2
105347,2,2,1,23,5,1,6,2
105348,1,3, ,73,6,1,8,2
105349,2,1,88,83,5,1,4,2
105351,1,3, ,57,3,1,6,2
105354,1,2,1,67,7,1,8,2
105356,2,3,1,18,2,2,7,2
105358,1,5, ,87,3,1,2,2
105360,1,3, ,74,3,1,4,2
105361,1,1, ,66,5,1,5,2
105366,2,3, ,62,5,1,5,2
105369,1,3, ,76,3,2,4,2
105371,1,5, ,90,3,1,2,2
105380,2,4, ,80,7,1,99,2
105386,2,2,1,48,6,1,9,2
105389,2,3, ,54,6,1,99,1
105397,1,3, ,68,3,1,99,2
105401,2,1, ,79,3,1,99,2
105406,1,2, ,53,7,1,6,2
105410,2,2, ,57,6,2,6,2
105421,2,1,1,66,3,1,6,2
105422,2,3, ,59,2,1,98,2
105425,1,1,1,45,7,1,9,1
105432,2,2,1,42,6,1,7,2
105438,2,3, ,93,3,2,1,2
105440,2,3, ,68,7,1,99,2
105443,2,2, ,62,3,1,99,2
105448,2,3,1,78,3,1,3,2
105449,1,2,1,58,6,1,7,2
105450,2,3, ,84,3,1,2,2
105454,2,2, ,42,6,1,7,2
105458,2,4, ,86,5,1,99,2
105460,2,3, ,72,5,1,98,2
105465,2,3, ,71,3,1,2,2
105467,2,1,1,19,3,2,98,2
105468,2,3,1,59,6,1,1,2
105471,2,2, ,45,6,1,99,2
105472,2,4, ,62,2,1,3,2
105475,2,3,1,46,6,1,7,2
105480,2,4, ,62,5,1,1,2
105483,1,4,1,60,5,4,2,1
105487,1,1, ,83,6,1,99,2
105490,2,3, ,55,1,1,4,1
105494,1,3, ,57,6,1,8,2
105495,2,2,1,42,7,1,7,2
105504,2,2,1,60,5,1,4,2
105505,2,3, ,79,2,9,98,1
105508,2,3,1,69,6,1,6,2
105514,2,4, ,52,6,3,8,2
105521,1,1,1,62,6,1,8,2
105522,2,5, ,67,5,1,2,2
105526,2,4,1,42,5,2,2,2
105528,1,4,1,35,6,5,3,2
105530,1,1, ,67,7,1,99,2
105537,1,2, ,85,7,1,6,2
105538,2,3, ,99,6,1,5,2
105544,2,2, ,62,5,1,6,2
105548,2,3, ,72,1,1,3,2
105550,1,5, ,48,3,1,99,2
105556,2,1, ,68,7,1,99,2
105584,1,3, ,86,3,1,7,2
105603,2,1,1,59,6,1,9,2
105605,2,3, ,89,7,1,3,2
105610,1,3, ,39,3,1,9,2
105612,2,4,1,20,3,1,1,1
105615,2,3, ,65,2,1,1,1
105617,1,2,1,18,3,1,98,2
105624,2,1,1,73,6,1,5,2
105625,1,4, ,87,7,1,3,2
105629,2,3,1,32,5,1,6,1
105630,2,3, ,29,7,1,4,2
105633,1,1, ,46,6,1,8,1
105642,2,2, ,68,3,1,98,2
105663,2,1,1,48,5,1,8,2
105665,2,4, ,59,5,1,6,2
105686,2,2, ,55,7,1,6,2
105698,1,4,1,41,4,1,5,2
105703,1,2, ,28,5,1,6,2
105706,2,3,1,38,5,1,7,2
105708,2,1, ,76,3,1,98,2
105710,2,1,1,21,3,2,4,2
105712,1,1, ,45,1,2,6,1
105718,1,2, ,48,4,1,6,2
105720,1,2,1,65,7,9,9,2
105724,1,1, ,46,7,1,8,1
105732,2,1, ,72,7,2,8,2
105735,2,3, ,53,5,1,4,2
105740,2,3,1,48,7,1,7,2
105763,2,3, ,76,2,1,1,2
105766,1,3,1,31,6,1,7,2
105781,1,3, ,67,5,1,5,2
105786,1,2,1,40,3,6,5,1
105792,2,3,1,44,6,1,6,2
105794,1,4, ,75,6,1,99,2
105797,2,2, ,79,6,1,5,2
105799,1,1, ,70,5,1,7,2
105803,2,2,1,46,6,1,99,2
105806,2,4, ,54,5,1,1,2
105808,2,1,1,34,7,1,4,2
105811,2,1, ,88,5,1,6,2
105816,2,9,1,43,6,1,99,2
105830,2,1, ,56,6,1,1,2
105836,1,2, ,79,6,1,3,2
105838,1,4,2,50,7,1,8,2
105839,2,2, ,69,7,1,7,2
105844,2,1,1,40,6,1,7,2
105849,1,4, ,40,2,1,1,2
105850,2,3, ,55,3,8,98,1
105854,2,2,1,30,5,1,2,2
105871,2,3, ,63,2,1,3,1
105875,2,3, ,92,3,1,99,2
105892,1,1,1,74,7,1,5,2
105900,2,1, ,62,9,3,5,2
105908,2,1,1,33,7,1,7,2
105919,1,3, ,82,7,1,99,2
105926,2,1,99,35,6,9,99,2
105938,1,3, ,71,5,2,5,2
105950,1,5,1,99,6,1,7,2
105956,2,4, ,72,6,1,99,2
105958,2,3,1,55,6,1,6,2
105973,2,1,1,51,3,1,3,2
105985,2,1,1,48,7,1,9,2
105986,2,4, ,60,5,1,99,2
200001,1,4,1,48,5,2,5,2
200003,1,3, ,51,3,1,99,2
200005,1,2, ,61,4,1,9,2
200006,1,3, ,34,2,2,98,2
200010,1,4, ,50,3,1,2,2
200012,1,4,1,34,7,4,9,1
200016,1,3,1,18,2,2,6,2
200022,2,3, ,89,8,1,98,1
200025,1,2,1,18,3,2,5,2
200028,2,2, ,52,5,1,2,2
200035,1,3, ,59,5,1,2,2
200037,2,3,1,38,3,2,3,1
200040,1,3, ,18,2,9,98,2
200046,2,5,1,46,5,1,4,2
200048,1,1,1,44,3,1,6,2
200051,1,1,1,34,7,2,7,2
200056,2,2,1,25,6,1,99,2
200062,2,1,1,25,6,1,7,1
200063,1,3,1,19,5,2,98,2
200065,1,3,1,20,2,1,98,1
200070,1,4,1,22,3,2,2,2
200072,1,3, ,74,2,1,4,2
200077,2,4, ,52,3,1,3,2
200084,2,3,1,46,3,1,6,2
200089,1,1,99,40,5,1,99,2
200093,2,2,1,54,3,1,7,2
200099,2,4, ,51,2,1,2,2
200100,1,2, ,50,3,2,4,1
200109,1,4, ,36,6,1,9,2
200111,2,5, ,50,2,1,1,1
200112,1,1, ,59,5,2,7,2
200114,2,1,1,80,3,1,2,2
200115,1,1, ,43,2,6,1,2
200128,2,1,1,31,6,1,8,2
200135,2,2,88,60,7,5,2,2
200139,1,3,1,29,5,1,4,2
200143,2,2,1,19,3,3,98,2
200145,1,3, ,46,3,2,3,2
200148,2,2, ,47,6,1,8,2
200151,1,3, ,50,5,1,99,2
200153,2,2,1,21,5,6,5,1
200157,2,1,1,33,7,1,8,2
200161,2,4, ,74,3,1,2,2
200165,2,3,1,67,5,1,7,2
200170,1,3,2,59,6,1,7,2
200182,2,3,1,52,6,2,3,2
200187,1,2, ,46,3,1,4,2
200194,2,2,1,47,6,5,9,2
200195,1,4,1,36,6,1,8,2
200197,1,4,1,21,2,2,1,2
200198,1,4,1,24,5,2,98,8
200203,2,3,98,60,7,1,6,2
200214,2,1,1,31,6,3,98,2
200218,2,3, ,30,1,8,1,1
200230,2,3, ,55,6,1,7,2
200232,2,4,1,25,6,3,6,2
200237,2,2,1,21,5,1,6,1
200238,2,2, ,87,3,1,99,2
200239,1,4,1,21,3,1,7,1
200240,2,1,1,29,3,1,7,2
200251,2,1,1,25,6,1,4,2
200257,1,2,1,23,3,1,3,2
200259,2,3,1,19,5,1,9,2
200266,1,2,1,46,3,1,5,2
200271,2,3, ,48,5,1,2,2
200280,2,2,1,61,7,1,6,2
200283,2,3, ,63,3,2,98,2
200285,1,2,1,22,5,1,3,1
200294,1,2, ,60,3,1,3,2
200298,2,2,1,36,7,1,4,2
200300,2,4,1,51,7,1,7,2
200307,1,3, ,66,3,2,2,2
200314,1,2,88,19,3,1,5,2
200318,1,9, ,55,3,1,99,2
200323,1,3, ,62,5,2,6,2
200325,2,2,1,32,6,1,9,2
200335,1,2,1,28,5,6,99,1
200338,1,4,1,28,1,4,1,1
200341,2,2,1,44,6,1,6,2
200343,1,3, ,64,7,3,6,2
200359,2,1, ,29,3,2,1,1
200363,2,2, ,62,2,2,3,2
200366,1,4,99,53,7,1,9,1
200367,2,1, ,18,3,1,9,1
200368,1,3, ,18,1,2,98,1
200373,1,4,1,18,2,1,4,1
200375,2,3,1,54,5,1,7,2
200377,1,3,1,58,7,1,7,2
200379,2,2,1,45,3,1,3,2
200393,2,9, ,59,5,1,3,2
200400,1,1, ,57,6,9,8,2
200404,2,2, ,58,5,1,2,2
200409,1,1,1,18,5,1,6,2
200413,1,3, ,69,5,1,6,2
200414,1,3, ,70,3,1,98,2
200423,1,3,1,29,3,1,4,2
200433,2,1,1,23,2,1,3,2
200440,2,1,1,39,5,1,4,2
200441,2,2,1,31,3,1,4,2
200448,2,4,1,38,7,1,6,2
200449,2,2,99,42,6,4,99,2
200450,2,2,1,67,6,9,99,2
200452,1,1,1,42,2,6,6,1
200455,1,3, ,22,5,1,7,2
200457,2,1,1,23,3,1,4,1
200458,2,2,1,22,6,1,3,2
200461,1,1,1,26,3,1,4,2
200466,2,5, ,55,3,1,2,1
200467,1,1,1,47,5,4,8,2
200479,1,2,1,30,6,9,7,2
200481,1,1, ,44,3,1,5,2
200483,1,2,1,43,7,1,8,2
200487,2,5,1,39,3,1,1,2
200496,1,3, ,28,2,2,2,2
200498,2,3,1,18,2,1,98,2
200502,1,3, ,32,6,9,99,2
200505,1,2, ,33,7,3,8,2
200507,1,3,12,49,3,2,1,2
200508,2,4,1,45,7,1,6,2
200510,2,3, ,57,6,8,98,1
200521,2,3,1,66,1,1,3,1
200527,1,3,1,58,4,1,6,2
200532,1,1, ,86,6,1,7,2
200540,1,2,1,24,6,1,2,2
200542,1,2, ,64,3,2,98,2
200548,1,4,1,26,1,1,2,1
200566,1,3, ,72,2,2,3,2
200569,1,1, ,31,3,1,5,1
200576,2,1,1,34,6,1,6,2
200577,1,1,1,57,3,1,8,1
200582,2,2,1,29,3,1,3,2
200584,1,2,1,21,3,2,98,2
200585,1,4,1,20,5,1,3,2
200586,2,1,1,35,6,1,2,2
200597,2,3,1,27,3,1,2,2
200598,1,4,1,20,3,2,3,2
200603,1,5, ,54,3,1,5,2
200608,1,4, ,57,5,1,4,2
200612,2,1,1,21,5,1,1,1
200616,1,3,1,47,5,8,9,8
200617,2,3, ,50,6,1,7,2
200624,2,4,1,99,6,4,6,2
200627,2,2,99,68,6,1,7,2
200628,1,2,1,30,6,1,99,2
200632,1,8, ,85,5,1,4,2
200636,1,4,1,19,3,3,98,1
200646,2,1,1,23,5,1,8,2
200647,2,4,88,60,5,1,4,2
200649,1,3, ,53,4,1,5,2
200652,2,3,1,56,7,1,9,2
200654,1,1,1,30,6,1,1,2
200655,2,3,1,44,3,1,4,2
200656,1,2, ,33,6,1,6,2
200683,1,1,1,54,7,2,8,2
200684,2,2, ,72,2,1,98,2
200695,1,3, ,47,3,2,2,2
200697,1,1,1,40,5,1,9,2
200700,1,3,1,45,6,1,4,2
200701,1,3,1,32,3,2,3,2
200703,2,3, ,50,4,1,7,2
200706,1,2, ,46,7,1,8,2
200708,1,1,1,65,6,1,7,2
200710,1,3, ,68,5,1,5,2
200711,1,3, ,46,3,2,3,2
200713,2,3, ,58,7,2,6,2
200714,1,4, ,71,5,1,6,2
200715,1,3, ,68,2,2,98,2
200717,1,3, ,37,7,1,8,2
200724,1,5,88,46,5,1,1,2
200726,1,1,1,23,6,1,7,2
200727,1,4,1,38,5,1,6,2
200735,1,3,1,28,3,4,4,1
200738,2,3,1,46,6,1,9,1
200743,1,3, ,45,3,1,99,2
200752,2,4, ,40,1,1,2,1
200758,2,2, ,65,3,2,3,2
200760,1,1,1,20,3,1,5,2
200765,1,2,1,21,5,1,2,2
200766,1,2,1,77,2,1,3,2
200768,2,3,1,23,3,1,1,1
200769,1,4, ,48,4,2,6,2
200770,1,3,1,29,5,6,7,1
200776,1,1,1,34,7,1,9,2
200789,2,5, ,54,3,1,99,2
200792,1,3,1,51,3,1,99,2
200794,2,4, ,40,5,1,4,2
200800,2,2, ,26,3,1,5,2
200805,2,3,99,34,3,4,1,2
200811,2,3,1,19,3,4,98,2
200820,2,1, ,62,3,1,99,2
200827,2,4, ,73,2,1,3,2
200830,2,3, ,52,7,9,99,9
200836,2,2, ,36,7,1,7,2
200837,2,4, ,47,2,4,2,2
200840,1,1,1,27,6,2,9,2
200841,1,3,1,25,3,1,5,2
200844,2,3, ,27,2,8,3,1
200847,1,3,1,27,6,1,3,2
200849,1,1,1,31,5,1,5,2
200853,2,2, ,80,3,2,1,2
200855,1,2, ,41,1,1,2,1
200862,2,4,1,23,5,2,2,2
200866,1,4, ,25,3,2,4,1
200867,1,2,1,25,1,1,1,2
200869,1,2, ,34,3,2,1,2
200877,1,3,1,23,6,1,3,2
200879,1,2,1,56,6,1,8,2
200881,1,2, ,55,5,1,3,2
200883,2,2,1,35,6,3,7,2
200884,1,5, ,24,3,2,1,1
200887,2,3,1,36,3,1,5,2
200889,1,3, ,56,5,1,5,2
200891,1,2, ,68,6,1,6,2
200895,1,4, ,53,7,1,7,2
200900,1,1,1,55,7,1,99,2
200904,2,3, ,34,3,1,6,1
200912,1,1,1,23,3,1,98,1
200916,1,2,1,22,3,1,2,2
200930,1,4,1,48,7,1,7,2
200938,2,4, ,43,1,2,1,1
200947,1,3,1,23,3,9,2,2
200948,1,2,1,31,7,1,3,2
200960,2,1, ,78,2,1,4,2
200963,1,4,1,32,5,9,99,9
200964,1,4, ,60,2,1,4,2
200967,1,2,1,23,6,3,4,2
200970,1,3,1,45,3,1,5,2
200971,1,1,1,43,4,1,4,2
200972,1,4,1,24,5,1,4,1
200973,1,3,2,33,7,1,9,2
200975,2,3, ,31,3,1,5,1
200984,2,2,1,64,6,1,7,2
200989,1,2,1,59,3,2,1,2
200991,1,3, ,59,6,1,7,2
200993,1,3, ,36,5,5,3,2
200994,1,1, ,59,5,1,8,2
200995,2,5,1,58,6,2,3,2
200999,1,3, ,60,5,1,6,2
201001,1,5, ,23,2,1,3,2
201004,2,1,1,30,7,1,6,2
201005,1,3, ,79,6,1,4,2
201006,2,1,1,34,6,9,7,2
201016,1,4, ,63,7,1,6,2
201030,1,3,9,30,1,2,2,1
201031,1,5,1,22,3,2,6,2
201039,1,3, ,59,3,1,4,2
201040,1,3, ,34,5,4,3,1
201041,1,2,88,67,5,1,6,1
201043,1,3, ,38,1,1,1,1
201045,1,1,1,46,3,1,7,1
201046,1,3, ,30,3,1,3,1
201047,1,5, ,65,3,1,1,2
201048,1,2, ,64,1,2,5,1
201057,1,2, ,65,7,1,4,2
201059,2,3,1,61,3,1,5,2
201061,1,1, ,55,6,1,7,2
201062,2,2,1,67,7,1,8,2
201066,2,4, ,80,1,1,1,2
201075,2,2,2,59,7,1,8,2
201083,2,3, ,47,5,2,2,2
201095,2,3, ,68,2,1,98,1
201096,2,3, ,57,5,1,6,2
201101,1,2, ,50,3,4,99,1
201108,1,4, ,56,3,1,6,2
201118,1,4, ,63,3,2,4,2
201119,2,3, ,37,1,2,2,1
201120,1,2, ,30,7,1,7,2
201122,2,2,1,22,7,3,1,2
201123,1,5,1,41,2,9,3,2
201127,2,2,1,60,5,1,8,2
201129,2,1, ,22,2,1,2,2
201130,2,3, ,53,2,2,2,9
201133,2,2,1,20,5,2,8,2
201137,1,3,1,46,3,1,3,2
201138,1,4,88,54,3,1,6,2
201139,2,4,1,99,3,1,4,2
201140,2,3, ,22,3,1,98,1
201152,2,1,1,27,7,1,4,2
201171,2,1,1,35,2,2,1,2
201177,1,5, ,44,3,1,9,2
201178,1,3,88,45,2,1,4,1
201200,1,2, ,43,2,2,98,2
201206,1,4,1,23,5,1,2,2
201208,2,2,1,24,2,4,1,2
201210,1,3,1,36,5,1,3,2
201212,2,2,1,32,6,1,4,2
201221,2,1,1,23,3,2,98,2
201224,2,1,1,34,3,1,3,2
201225,2,1, ,64,7,1,9,2
201232,2,2,1,21,5,1,2,2
201236,1,2,1,25,3,1,6,2
201240,1,4,1,18,3,1,1,1
201241,2,2,1,34,3,1,3,1
201243,1,5, ,55,3,1,4,2
201245,2,3,1,50,2,2,1,2
201247,1,3, ,83,6,1,6,2
201252,1,4, ,38,5,1,98,1
201261,1,3,1,59,3,2,3,2
201262,1,4, ,37,5,9,99,9
201267,2,4, ,61,3,1,2,2
201269,2,4,1,49,5,1,2,2
201273,2,1,1,30,6,1,5,1
201281,1,1, ,28,7,1,1,2
201284,1,1, ,42,3,1,1,2
201293,1,4, ,18,2,1,7,2
201298,2,2,1,18,2,2,7,2
201306,2,1,1,18,2,2,1,2
201309,1,2, ,21,3,2,1,2
201312,2,2,1,46,3,1,4,1
201323,2,1,1,65,3,1,1,2
201325,2,2, ,68,7,1,99,2
201332,1,4,1,20,6,1,8,2
201340,1,1, ,39,5,8,8,1
201343,2,3,88,40,2,1,2,1
201367,2,3,1,20,3,1,7,2
201386,1,1,1,23,7,1,5,2
201388,1,2, ,45,3,1,8,2
201397,2,3,1,21,3,2,2,2
201401,1,2, ,59,5,1,6,2
201404,2,3, ,44,1,1,3,2
201410,1,2, ,81,7,1,7,2
201423,1,3,1,24,5,1,7,2
201437,1,1,1,29,7,1,6,2
201443,2,3,88,27,5,4,2,2
201446,1,5,1,61,6,1,7,2
201454,2,4,1,47,3,1,2,2
201456,1,3,1,26,5,3,3,2
201457,2,1,1,24,3,5,3,2
201459,2,2,1,55,3,1,4,2
201460,1,2, ,24,3,1,5,2
201461,1,2,1,30,5,3,98,2
201473,2,3,1,36,3,1,5,2
201475,2,3,1,27,5,1,3,1
201492,1,3, ,48,3,1,7,2
201494,1,3, ,23,3,2,3,2
201498,1,3,1,20,5,1,7,2
201500,2,1,1,42,7,1,7,2
201503,1,1, ,23,3,6,4,1
201504,2,3,1,75,4,1,6,2
201506,1,3,11,25,3,2,1,2
201508,2,1,1,38,7,3,8,2
201509,2,2, ,21,5,2,8,2
201510,2,2,1,18,3,2,1,1
201516,1,5,1,34,6,2,1,2
201525,1,3,1,40,3,1,6,2
201529,1,3,1,22,5,3,98,2
201531,1,2,1,32,6,1,8,2
201533,1,2,88,78,6,1,3,2
201540,2,4, ,49,5,1,3,2
201549,2,2, ,62,2,1,2,2
201551,2,3,99,52,6,1,99,2
201553,1,2,1,70,6,1,7,2
201555,2,1,2,47,7,2,9,2
201556,2,1,1,21,6,3,1,2
201561,1,4,1,26,5,2,1,2
201565,2,4,1,19,5,1,6,2
201567,1,1, ,75,7,1,7,2
201568,1,3, ,28,1,2,98,1
201570,1,5, ,52,2,1,6,2
201572,1,5, ,85,5,1,6,2
201573,1,1, ,58,6,1,7,2
201575,1,3,1,23,6,3,8,2
201580,1,3,1,30,1,1,3,1
201583,2,4,1,33,6,2,3,2
201589,1,1,1,44,7,1,9,2
201596,2,4, ,86,5,1,3,2
201601,2,1, ,53,3,1,1,2
201609,2,3,1,19,5,1,6,2
201619,2,1,1,32,5,1,1,2
201626,1,3, ,69,3,6,1,1
201630,1,1,1,33,3,1,1,2
201643,1,4,1,24,7,1,7,2
201652,2,3, ,75,2,1,5,2
201658,2,4,1,57,3,1,9,2
201659,2,4,1,45,5,1,7,2
201660,2,4, ,52,3,1,1,2
201663,2,2, ,46,5,1,6,2
201669,2,1, ,71,7,1,99,2
201671,2,1,1,55,7,2,9,2
201676,2,1, ,59,1,1,3,2
201683,2,1,1,24,2,2,3,2
201686,2,3, ,69,1,1,1,1
201687,1,1, ,60,5,1,6,2
201688,1,9, ,62,4,1,99,2
201692,2,3,1,33,3,1,6,2
201702,1,3, ,43,3,1,2,2
201703,2,3,1,20,5,1,3,2
201705,1,3, ,72,3,1,99,2
201710,1,3, ,37,3,2,4,2
201716,1,4,1,32,7,3,5,2
201725,1,4, ,55,1,2,3,1
201726,1,1,1,28,6,1,6,1
201729,1,5, ,35,2,2,1,2
201730,1,4,2,42,6,2,8,1
201732,1,2,9,74,6,1,7,2
201733,1,1, ,62,6,1,6,2
201734,1,2,1,62,7,1,5,2
201736,1,2,1,40,6,1,8,2
201737,2,2,1,30,5,6,5,1
201738,2,3, ,62,6,1,6,2
201746,2,2,1,54,3,1,99,2
201753,1,1,2,56,7,1,8,2
201761,1,2, ,53,7,1,8,1
201767,1,3, ,39,2,1,1,2
201770,2,2,1,55,5,1,3,2
201773,2,3, ,54,6,1,7,2
201778,1,4,1,24,3,1,2,2
201785,1,1,1,58,6,1,9,2
201789,1,3, ,40,3,1,3,2
201790,1,2,1,32,5,1,9,2
201791,1,3, ,32,6,1,7,2
201792,2,1,1,47,6,1,9,2
201794,1,4,1,26,5,1,98,2
201795,2,3, ,66,3,1,5,2
201796,2,3, ,67,1,1,2,2
201797,1,8, ,49,3,5,6,2
201804,1,4,1,49,2,1,2,2
201807,1,3, ,56,3,1,6,2
201811,1,3,88,29,5,1,99,1
201812,1,2,1,46,6,1,9,2
201822,2,1, ,32,6,1,2,2
201828,1,1,1,27,3,1,5,2
201837,1,1,1,63,5,9,4,9
201839,2,3, ,79,5,4,98,1
201847,1,3, ,65,1,2,99,2
201859,2,3, ,79,3,1,2,2
201867,2,1, ,51,7,1,8,2
201879,1,3,1,42,6,3,4,2
201881,2,4, ,63,6,1,6,2
201883,1,2, ,19,3,1,98,2
201885,2,3,4,45,3,1,3,2
201895,1,4, ,36,8,2,5,1
201899,1,5,1,46,3,1,1,2
201900,1,2, ,54,3,2,1,2
201906,1,2, ,43,6,1,99,2
201908,1,4, ,25,1,4,2,1
201910,2,1,1,37,5,1,4,1
201926,2,3,1,40,5,2,5,2
201930,1,2, ,35,7,1,99,2
201936,2,4, ,59,2,1,1,2
201937,2,3, ,24,3,2,1,2
201938,2,2,1,43,7,1,7,2
201944,1,2,1,23,3,5,99,2
201945,2,2,1,18,3,1,3,2
201949,2,1,1,34,2,1,1,2
201952,2,2,1,72,5,1,6,2
201954,1,1,1,18,2,3,4,2
201957,1,2, ,78,3,1,6,2
201959,1,4,88,40,5,2,6,2
201960,2,2,1,32,3,3,7,2
201961,1,1,1,32,5,1,7,2
201963,1,3,1,58,3,1,9,2
201964,1,4, ,44,2,1,3,1
201977,2,5,1,60,5,1,2,2
201982,1,3,1,46,5,1,8,1
201998,2,3,1,40,5,1,6,2
202015,1,5,1,18,3,1,99,1
202017,1,3,1,26,3,1,3,2
202020,2,3,1,51,7,1,6,2
202031,1,2, ,82,6,1,4,2
202032,2,3,1,24,3,1,5,2
202037,1,3, ,25,2,1,3,1
202038,1,3,2,40,7,1,9,2
202040,1,2,1,64,1,1,1,1
202046,1,2, ,79,3,1,2,2
202049,1,3, ,26,5,1,6,2
202052,2,2,1,27,6,1,8,2
202054,2,4,1,37,3,2,2,1
202061,2,3, ,68,3,1,3,2
202064,1,3,2,23,7,3,4,2
202069,1,4,1,23,3,1,2,1
202071,1,3,1,47,3,1,3,2
202074,2,2,1,20,3,1,7,2
202076,1,5,1,50,3,4,3,2
202080,2,3,1,49,3,1,7,2
202083,2,2, ,77,3,1,4,2
202086,1,5, ,73,3,1,5,2
202091,2,3,1,41,6,1,99,2
202098,1,4, ,51,3,1,5,2
202099,1,3,1,32,6,3,6,2
202100,2,2,1,64,7,1,99,2
202109,1,2, ,62,3,1,99,2
202110,2,3,1,60,5,2,2,2
202115,2,2,1,50,5,1,6,2
202117,1,2,1,30,5,2,5,2
202118,2,3, ,24,3,1,2,2
202119,2,1, ,71,6,1,2,1
202121,1,2,1,48,6,1,9,2
202125,2,2,1,40,3,1,7,2
202131,1,3,1,29,3,1,98,2
202132,1,3,1,52,5,1,7,2
202138,2,1,1,26,6,3,6,2
202161,2,2, ,99,3,1,5,2
202165,1,1, ,80,6,1,3,2
202177,1,4, ,62,1,1,3,2
202178,1,2, ,48,1,1,99,2
202179,2,2,1,21,3,1,3,2
202185,1,4,1,30,6,1,2,2
202186,2,1, ,43,3,2,4,2
202190,2,2, ,30,5,1,6,1
202193,1,3,1,38,6,1,7,2
202197,1,2, ,56,7,1,8,2
202203,1,1, ,24,3,2,1,1
202212,2,2,1,55,3,2,4,2
202215,2,3, ,52,6,2,4,2
202225,1,1,1,20,3,1,2,2
202235,2,2, ,65,3,1,4,2
202239,2,3,1,19,5,1,3,2
202242,1,3,1,28,5,2,2,2
202243,1,3,2,25,7,1,99,2
202244,2,3,1,23,3,1,4,2
202250,2,4,1,26,5,1,5,2
202257,1,4,1,20,3,1,3,2
202260,2,3,1,63,7,1,7,2
202263,1,3,1,20,2,1,2,1
202264,2,2, ,48,6,1,99,2
202272,2,3,1,37,3,1,2,2
202273,1,4, ,22,2,1,98,1
202274,2,2, ,32,7,2,8,2
202282,1,3,1,18,2,1,98,2
202284,1,2, ,48,3,1,7,2
202286,2,1, ,85,3,1,2,2
202291,1,3, ,46,4,1,1,2
202295,1,3, ,37,3,2,3,2
202296,2,3,1,47,2,5,3,2
202304,1,3,1,18,3,2,3,2
202308,2,3,1,37,2,1,2,1
202310,1,2,2,51,6,1,8,2
202311,2,1,1,59,7,1,8,2
202317,1,3, ,65,3,1,5,2
202320,1,4, ,58,2,2,1,1
202321,1,1, ,63,7,1,99,2
202323,2,2, ,20,5,1,3,1
202326,1,3, ,34,5,2,5,2
202328,1,2,1,41,7,1,8,2
202336,1,2,1,46,6,1,8,2
202340,1,5,1,43,3,1,3,2
202342,1,3,99,60,7,1,1,9
202343,1,1,1,23,7,1,8,2
202345,2,4,1,20,2,1,1,2
202349,2,2,1,28,5,1,6,2
202352,2,3, ,76,5,1,5,2
202370,1,1,1,99,7,3,98,2
202371,2,1,9,58,6,4,99,1
202372,1,3,1,37,5,1,7,1
202374,1,4, ,35,3,8,2,1
202375,1,3, ,53,4,2,7,2
202376,2,2,2,53,7,1,9,2
202382,2,2,1,26,6,1,99,2
202390,1,4, ,87,4,1,4,2
202391,1,3,1,55,7,3,7,2
202393,2,2,1,28,3,2,3,1
202401,2,1,1,40,6,1,8,2
202409,1,3,1,50,6,1,8,2
202414,2,3,1,41,5,1,3,2
202421,1,4, ,59,2,1,2,2
202439,2,1, ,63,3,1,98,2
202441,1,3,1,27,6,1,9,2
202442,1,3, ,55,3,1,9,2
202443,1,1,1,35,6,1,8,2
202450,2,2,1,46,5,1,4,2
202451,2,1,1,51,6,1,7,2
202455,1,3,1,34,5,1,6,1
202462,2,1,1,18,2,8,2,1
202464,1,1, ,61,5,1,3,2
202470,1,2, ,58,5,1,1,2
202471,2,3,1,19,5,1,8,2
202485,1,1,1,20,2,6,98,1
202488,1,1, ,34,3,1,3,2
202491,2,2,12,18,3,1,3,2
202492,1,4,1,38,3,2,3,1
202498,2,3, ,35,5,6,3,1
202505,2,5, ,65,3,1,3,1
202507,1,3,1,28,5,1,4,1
202512,2,2,1,55,7,1,4,2
202513,2,1,1,22,6,1,6,2
202514,2,3,1,23,5,6,2,1
202515,2,3,1,43,5,1,8,2
202520,1,3,1,30,3,2,1,1
202521,2,3,1,29,5,1,3,1
202524,2,2, ,35,6,1,8,2
202525,1,5,1,18,3,5,98,2
202526,1,4,88,51,5,2,6,2
202532,2,2,1,28,4,1,6,2
202536,1,3,1,25,5,1,2,2
202540,2,2, ,32,7,6,6,1
202554,1,3, ,67,5,1,2,2
202558,2,2,1,27,5,1,2,2
202561,2,2,1,20,5,1,6,2
202575,1,3,1,22,5,1,4,2
202577,1,3, ,44,5,2,6,2
202596,1,3,1,20,5,1,6,2
202602,1,4,6,38,5,4,2,1
202607,2,8,1,47,6,1,98,2
202608,2,2, ,56,5,2,7,2
202614,2,4,1,35,5,1,5,2
202615,1,3,1,55,7,1,6,2
202616,2,2,1,51,2,1,2,2
202622,2,1,1,27,6,1,8,2
202626,1,2,1,33,7,1,5,1
202631,2,1,1,99,3,1,98,2
202634,2,3,1,53,6,2,7,2
202643,2,4,1,48,6,1,99,2
202644,1,2, ,51,2,1,2,9
202645,1,2,1,23,6,1,7,2
202651,1,2,1,36,7,1,9,2
202659,2,2,1,57,5,2,5,2
202666,1,1,1,61,3,1,3,2
202668,2,4,1,19,5,2,4,2
202669,1,2,1,52,5,1,4,2
202670,2,3,1,70,5,1,5,2
202671,1,4,1,35,1,1,1,1
202675,2,1,1,47,4,1,2,1
202676,1,3, ,56,2,2,5,2
202678,2,2, ,43,3,1,3,2
202680,2,5,88,66,6,1,1,1
202686,1,3,1,62,5,1,99,2
202688,1,2,1,50,6,1,9,2
202689,2,4,1,20,3,1,2,1
202690,1,2,2,46,7,1,8,2
202692,1,1,1,40,3,1,8,2
202697,1,1, ,80,3,1,3,2
202703,1,4,1,40,3,2,4,2
202708,1,3,1,57,7,1,9,2
202709,1,2,98,41,2,1,9,2
202713,1,9, ,69,5,1,5,2
202716,1,1, ,51,3,1,9,2
202722,2,1, ,72,3,1,7,2
202726,1,1, ,64,7,1,8,2
202734,1,2,1,18,2,1,6,2
202735,2,3, ,63,2,1,1,2
202743,1,3, ,43,2,6,99,1
202746,1,4, ,67,6,1,6,2
202753,1,2,88,43,5,1,4,2
202755,2,3,1,28,5,1,5,2
202756,2,1, ,79,6,1,99,2
202757,1,4, ,64,2,1,1,2
202762,2,4,88,25,2,1,1,2
202768,1,2, ,70,7,1,99,2
202770,1,3,1,28,4,6,4,1
202775,2,3, ,70,5,1,99,2
202776,2,2, ,42,3,1,1,2
202780,1,2,1,53,5,5,7,2
202783,2,2,1,44,5,1,7,2
202784,2,3,1,21,5,1,1,2
202785,1,3,1,35,5,1,2,2
202791,1,1, ,99,3,1,99,2
202799,2,2,1,18,3,1,4,2
202800,1,3, ,58,1,3,3,1
202806,1,2,2,46,7,1,8,2
202807,1,1, ,28,5,1,3,2
202810,2,3, ,85,2,1,98,2
202811,2,2,1,32,5,2,3,2
202812,1,2, ,56,3,1,7,2
202814,2,3,1,23,6,2,3,2
202816,2,2,1,19,3,1,7,2
202827,2,2, ,67,7,2,5,2
202830,2,2,1,20,3,1,7,2
202833,1,3, ,18,3,2,4,2
202837,1,2, ,58,5,1,4,2
202848,1,3, ,38,1,1,4,1
202850,2,3, ,40,7,3,7,2
202868,2,4,1,25,3,1,3,1
202869,1,2,1,61,3,1,7,2
202873,1,3, ,27,5,1,7,2
202874,1,1,1,68,7,1,7,2
202876,2,2,1,18,5,6,6,1
202880,2,1,1,21,3,3,2,2
202899,1,2,1,52,6,1,5,2
202901,1,4,3,29,5,1,5,2
202905,2,2, ,20,3,1,99,1
202906,1,5,1,37,6,3,1,2
202908,1,3,1,34,3,1,8,2
202914,1,2,1,58,5,2,9,2
202915,2,2,1,19,3,1,3,2
202916,2,1, ,45,7,1,7,2
202917,2,1, ,32,7,1,8,2
202924,1,2,99,32,5,1,7,2
202925,2,1, ,65,6,1,6,2
202927,1,1,1,18,2,1,7,2
202928,1,3, ,52,5,1,9,2
202932,1,1,1,20,2,1,4,2
202937,1,2, ,21,3,1,2,2
202938,2,5,1,99,5,1,99,2
202941,1,2, ,55,6,1,99,2
202952,2,1,1,25,7,1,3,2
202955,2,3,1,60,2,1,2,2
202956,2,5, ,52,3,1,1,2
202964,2,1,1,40,6,1,2,1
202965,2,3,11,49,7,1,7,2
202977,2,2, ,61,3,1,99,2
202980,1,3,1,20,5,2,6,2
202984,2,3,1,25,6,3,6,2
202986,1,4, ,38,1,1,2,1
202987,2,5, ,63,2,2,2,1
202993,1,3, ,33,5,2,6,2
202996,1,3, ,33,3,1,3,2
202998,2,4, ,59,5,2,99,2
203001,1,3, ,70,3,1,6,2
203013,1,3,1,60,3,2,6,2
203019,2,1,2,51,7,1,99,2
203021,2,3,1,63,7,1,3,2
203030,2,3, ,39,3,4,2,2
203031,1,1,1,22,5,1,8,2
203035,1,1, ,57,6,1,9,2
203036,2,1,1,51,6,1,7,2
203037,2,3, ,65,4,1,3,2
203041,1,2, ,70,2,1,3,2
203042,2,2,1,35,6,1,6,2
203045,1,4, ,56,3,2,99,2
203047,1,4,1,19,5,1,2,2
203048,2,2,1,22,6,1,2,2
203053,1,1,1,27,6,1,5,2
203056,1,2,1,22,5,1,9,2
203060,2,3, ,50,5,1,2,2
203061,1,2,1,67,6,2,8,2
203062,2,3, ,50,3,1,6,2
203067,1,2, ,57,6,1,7,2
203068,2,3,1,47,5,1,7,2
203085,1,8, ,23,8,1,98,2
203087,1,1, ,43,7,1,99,2
203096,1,2, ,83,7,1,6,2
203101,2,3,1,18,2,1,8,2
203108,2,3,1,53,6,1,6,2
203111,2,2, ,62,3,1,7,2
203115,1,1,1,84,5,1,6,2
203118,1,2, ,27,2,2,8,2
203120,1,5,1,49,3,1,2,2
203122,1,3,1,36,1,2,1,1
203123,2,3, ,60,3,4,1,2
203125,2,3,1,54,6,1,6,2
203126,1,2, ,46,3,2,5,2
203128,1,2, ,32,6,1,7,2
203134,2,3, ,69,2,1,99,2
203135,2,2,1,43,3,1,6,2
203138,2,2,1,24,6,1,4,2
203142,1,2,1,41,5,1,7,2
203155,1,1,1,39,5,1,4,2
203164,1,3,1,40,2,5,7,2
203168,1,2,1,37,5,1,8,1
203169,2,4,1,53,6,4,7,1
203172,2,5, ,81,3,1,3,2
203173,2,3,1,32,3,2,2,2
203175,2,2, ,59,5,1,2,2
203178,1,2, ,22,6,1,6,2
203181,1,1,1,18,3,3,7,2
203186,2,1,1,35,7,1,99,2
203187,1,4, ,56,6,1,4,1
203188,1,2,1,59,7,1,7,2
203195,1,4, ,35,5,1,99,2
203202,2,4, ,52,1,1,3,9
203204,2,2,1,62,5,1,99,2
203209,2,4, ,51,3,2,1,2
203210,2,9, ,72,5,1,2,2
203215,2,4,1,28,5,1,3,2
203217,2,2, ,69,1,2,2,2
203218,2,2, ,53,5,2,1,2
203219,2,1,1,78,5,1,7,2
203236,1,1, ,64,3,1,6,2
203251,1,3, ,31,3,1,7,2
203252,1,3, ,33,5,1,7,2
203254,1,2, ,76,7,1,8,2
203255,1,5, ,67,5,1,99,2
203259,2,2,1,67,5,1,3,2
203263,2,3,1,64,5,1,5,2
203266,1,4,1,28,7,1,3,2
203267,1,4,1,26,3,1,98,1
203268,2,4, ,85,2,1,1,2
203270,2,3, ,64,4,1,3,2
203275,1,3,1,46,5,1,8,2
203277,1,3,1,31,3,1,4,1
203280,2,2,1,50,6,1,99,2
203282,2,1,1,22,5,6,1,2
203283,2,1,1,25,5,9,3,1
203286,1,2,1,21,5,3,3,2
203290,1,2,1,31,3,1,5,2
203291,1,1, ,20,3,1,3,1
203301,2,1, ,99,7,2,99,2
203303,1,4,88,59,5,1,7,2
203304,1,2,1,44,6,1,8,2
203307,2,3, ,66,3,1,1,1
203316,1,5, ,68,2,4,1,2
203319,2,3,1,30,5,2,3,2
203320,2,2, ,65,6,1,5,2
203322,2,2,1,19,3,1,7,2
203324,2,3,1,18,3,1,2,2
203326,1,4, ,47,3,4,4,2
203331,1,3,98,50,3,2,1,2
203332,1,4, ,55,3,1,99,1
203340,2,1,1,99,9,9,99,9
203346,2,1,1,55,5,1,2,2
203347,1,2,1,20,5,1,98,9
203350,1,2,1,18,5,1,8,2
203353,1,3,1,18,3,1,3,2
203364,1,3,1,39,6,1,6,2
203367,1,1,1,18,5,1,9,2
203373,1,4,1,64,7,1,9,2
203378,2,3,1,41,6,1,5,2
203382,1,3, ,40,6,1,7,2
203394,1,2, ,62,7,1,99,2
203399,2,4,1,60,6,1,2,2
203401,1,3,1,24,3,1,2,2
203412,1,5,1,62,5,1,3,2
203413,2,4, ,62,3,1,3,2
203430,2,3,1,26,5,1,1,2
203445,2,4, ,48,1,4,3,1
203446,2,2, ,64,6,1,99,1
203450,2,3,1,65,3,1,2,2
203456,2,3,1,47,7,1,2,2
203458,2,3, ,37,2,1,1,2
203466,1,2,1,18,2,1,3,2
203467,1,3,1,57,3,1,4,2
203470,1,4, ,58,3,1,6,2
203484,1,1, ,72,7,1,6,2
203485,1,3,1,49,7,1,8,2
203486,1,3,1,33,5,2,5,2
203491,1,4, ,51,5,1,6,2
203502,1,2, ,57,5,1,7,2
203507,1,3,1,18,3,1,98,1
203516,2,3, ,51,7,1,6,2
203519,1,3,1,21,5,2,6,2
203524,1,3,1,19,5,6,1,1
203527,1,3, ,67,2,2,2,2
203531,1,2, ,78,3,1,4,2
203546,1,5, ,63,5,4,9,2
203556,2,3,1,44,5,1,3,2
203560,1,2,1,23,3,4,5,2
203565,2,3,1,38,6,2,8,2
203570,2,1,12,29,5,1,98,2
203571,2,1,1,68,3,1,3,2
203575,2,2,1,45,4,1,9,2
203576,1,1,1,45,3,2,3,2
203589,1,2,1,32,6,6,8,1
203592,1,4,2,67,7,1,98,2
203600,2,2,1,68,5,1,99,2
203607,2,1,1,24,5,1,2,2
203616,2,3, ,61,2,2,1,2
203617,2,3, ,70,3,2,2,2
203620,1,1,1,34,7,9,99,9
203629,2,3,1,37,5,1,3,2
203631,1,2,1,49,5,1,7,2
203648,2,2,1,19,5,2,7,2
203651,1,1,1,30,3,4,6,2
203655,2,2,1,40,5,5,8,2
203656,2,2,1,41,5,1,6,2
203662,2,1, ,99,5,4,99,2
203664,2,3, ,39,1,2,1,1
203669,1,1,1,18,3,5,4,2
203676,2,2,1,42,7,2,6,2
203678,2,3,1,44,5,2,4,2
203679,1,3, ,60,5,2,6,2
203686,1,3, ,76,5,1,2,2
203689,1,4,1,32,3,1,4,2
203695,1,2,1,23,6,1,4,2
203699,1,4, ,60,2,2,98,2
203700,1,3,1,46,3,1,7,2
203704,1,1,88,59,6,1,6,2
203707,1,2,1,24,3,2,3,2
203724,1,3, ,72,3,1,99,2
203725,1,1,1,37,6,1,8,2
203735,1,1,1,26,2,3,6,2
203737,2,1,1,44,5,1,9,2
203746,2,2, ,78,3,1,2,2
203750,2,1, ,77,7,1,99,2
203751,1,3,88,63,7,1,7,2
203762,1,2,1,36,5,1,3,2
203768,2,3,12,63,5,2,99,2
203770,1,2,1,55,6,1,99,2
203772,1,3,1,27,6,1,2,1
203774,1,2,1,24,6,6,5,1
203783,2,4,1,49,5,1,6,2
203790,1,2, ,50,1,1,1,1
203806,1,2, ,70,7,2,9,2
203807,2,4, ,48,3,1,2,2
203813,1,3,1,43,5,1,2,2
203814,1,3, ,61,5,1,2,2
203815,2,2, ,50,5,4,8,9
203819,1,1,1,18,2,3,5,2
203825,1,1,1,19,2,2,98,2
203827,1,1, ,67,6,2,7,2
203831,1,1,1,45,7,1,9,2
203833,2,3, ,46,6,1,3,2
203837,1,1,1,34,6,1,6,2
203838,1,3, ,57,4,1,98,1
203844,2,1,12,65,5,1,7,2
203864,1,2,1,25,3,3,98,2
203868,2,3, ,83,3,1,1,2
203869,2,4, ,99,2,1,98,2
203881,1,3,1,38,7,9,9,2
203895,2,2,1,28,2,1,2,2
203910,2,3,1,25,5,1,99,2
203922,2,2,1,21,5,3,3,2
203926,1,2,1,42,7,3,5,2
203927,1,3, ,76,3,1,5,2
203929,2,4,99,49,6,2,4,2
203937,1,2,1,33,6,2,6,2
203938,1,3,1,31,4,6,6,1
203946,1,3, ,52,3,1,7,2
203948,2,2,1,33,6,1,6,2
203950,2,2, ,61,3,1,2,1
203956,2,2,1,67,5,1,8,2
